latitude,longitude,brightness,scan,track,acq_date,acq_time,satellite,confidence,version,bright_t31,frp,daynight
9.639,-63.551,321.9,4.3,1.9,2019-10-02,0155,T,41,6.0NRT,275.8,149.3,N
9.656,-63.554,309.6,4.3,1.9,2019-10-02,0155,T,65,6.0NRT,273.4,74.4,N
9.65,-63.592,307.4,4.3,1.9,2019-10-02,0155,T,31,6.0NRT,277.4,64.6,N
9.643,-63.631,320.8,4.3,1.9,2019-10-02,0155,T,100,6.0NRT,275.5,153.8,N
9.737,-63.492,308.1,4.2,1.9,2019-10-02,0155,T,58,6.0NRT,278.7,68.1,N
9.645,-63.636,326.9,4.3,1.9,2019-10-02,0155,T,87,6.0NRT,275.3,200,N
31.918,-81.719,305.2,1.1,1,2019-10-02,0340,T,63,6.0NRT,293.6,6.6,N
30.941,-88.016,304.5,1.5,1.2,2019-10-02,0340,T,58,6.0NRT,294.1,7.6,N
31.155,-87.986,304.8,1.5,1.2,2019-10-02,0340,T,59,6.0NRT,294.6,7.2,N
32.356,-83.825,313.5,1,1,2019-10-02,0340,T,87,6.0NRT,294.2,10.4,N
33.011,-79.887,307.8,1.3,1.1,2019-10-02,0340,T,73,6.0NRT,293.3,10.5,N
31.368,-101.785,303.7,1.8,1.3,2019-10-02,0520,T,57,6.0NRT,293.1,9.9,N
32.106,-110.999,308.2,1.2,1.1,2019-10-02,0520,T,74,6.0NRT,290.8,11.6,N
32.104,-111.011,302.7,1.2,1.1,2019-10-02,0520,T,51,6.0NRT,291.3,7.1,N
32.109,-111.005,313.1,1.2,1.1,2019-10-02,0520,T,86,6.0NRT,290.9,15.8,N
33.002,-110.765,311.4,1.1,1.1,2019-10-02,0520,T,82,6.0NRT,293.3,12.2,N
33,-110.776,311.6,1.1,1.1,2019-10-02,0520,T,83,6.0NRT,293.3,12.6,N
9.747,-63.466,306.5,3.1,1.7,2019-10-02,0625,A,68,6.0NRT,291.5,35.2,N
9.732,-63.468,308.5,3.1,1.7,2019-10-02,0625,A,75,6.0NRT,290.1,42.2,N
9.657,-63.571,310.5,3,1.7,2019-10-02,0625,A,80,6.0NRT,292,46.1,N
9.653,-63.544,313.4,3,1.7,2019-10-02,0625,A,87,6.0NRT,291.2,58.9,N
9.652,-63.627,338.2,3,1.6,2019-10-02,0625,A,100,6.0NRT,290.4,196,N
9.647,-63.6,322.8,3,1.6,2019-10-02,0625,A,100,6.0NRT,291.2,98.7,N
9.632,-63.686,320.6,3,1.6,2019-10-02,0625,A,100,6.0NRT,291.8,83.9,N
9.622,-63.715,325,2.9,1.6,2019-10-02,0625,A,100,6.0NRT,291.6,106.4,N
9.652,-63.634,325,3,1.6,2019-10-02,0625,A,100,6.0NRT,290.1,107.4,N
9.648,-63.608,326.3,3,1.6,2019-10-02,0625,A,100,6.0NRT,291.2,116.1,N
9.632,-63.694,317.2,3,1.6,2019-10-02,0625,A,95,6.0NRT,291.6,70.3,N
9.627,-63.667,307,3,1.6,2019-10-02,0625,A,70,6.0NRT,291.5,32.3,N
9.622,-63.723,321.6,2.9,1.6,2019-10-02,0625,A,100,6.0NRT,291.6,89.2,N
9.617,-63.696,304.6,3,1.6,2019-10-02,0625,A,61,6.0NRT,291.2,25.1,N
9.392,-64.543,303.3,2.6,1.5,2019-10-02,0625,A,54,6.0NRT,291,17.2,N
9.374,-64.522,300.6,2.6,1.5,2019-10-02,0625,A,31,6.0NRT,290.5,11.6,N
9.232,-64.311,312.5,2.7,1.6,2019-10-02,0625,A,85,6.0NRT,290.3,46.3,N
9.228,-64.287,321.1,2.7,1.6,2019-10-02,0625,A,100,6.0NRT,290.1,79,N
33.236,-87.51,303.8,1.2,1.1,2019-10-02,0800,A,57,6.0NRT,293.4,5.8,N
32.136,-93.395,327.6,1.1,1,2019-10-02,0800,A,100,6.0NRT,292.9,30,N
20.521,-97.479,327.4,1.3,1.1,2019-10-02,0800,A,100,6.0NRT,291.8,35.8,N
20.52,-97.467,321.6,1.3,1.1,2019-10-02,0800,A,100,6.0NRT,293,26.3,N
18.222,-93.893,302.3,1,1,2019-10-02,0800,A,27,6.0NRT,291,4.5,N
17.895,-92.491,313.7,1.1,1.1,2019-10-02,0800,A,88,6.0NRT,291.9,12.7,N
17.894,-92.481,304.1,1.1,1.1,2019-10-02,0800,A,58,6.0NRT,292,4.7,N
17.902,-93.19,304.9,1.1,1,2019-10-02,0800,A,8,6.0NRT,292.6,4.8,N
17.901,-93.18,348.8,1.1,1,2019-10-02,0800,A,100,6.0NRT,293.7,63.2,N
17.899,-93.17,308.1,1.1,1,2019-10-02,0800,A,62,6.0NRT,293,6.9,N
17.89,-93.172,304.4,1.1,1,2019-10-02,0800,A,15,6.0NRT,292.5,4.4,N
17.918,-93.522,303.9,1,1,2019-10-02,0800,A,57,6.0NRT,289.6,5.5,N
17.916,-93.513,302,1,1,2019-10-02,0800,A,46,6.0NRT,289.1,4.6,N
17.847,-93.125,303.7,1.1,1,2019-10-02,0800,A,57,6.0NRT,292.4,4.9,N
17.846,-93.115,338,1.1,1,2019-10-02,0800,A,100,6.0NRT,293.5,43.1,N
8.684,-63.156,315.6,2.3,1.5,2019-10-02,1715,A,62,6.0NRT,294.1,28.8,D
9.231,-64.31,343.3,2.8,1.6,2019-10-02,1715,A,92,6.0NRT,291.5,191.7,D
9.219,-64.313,320.6,2.8,1.6,2019-10-02,1715,A,75,6.0NRT,293.9,49.4,D
9.238,-64.29,318.4,2.8,1.6,2019-10-02,1715,A,59,6.0NRT,292.3,39.7,D
9.233,-64.315,331,2.8,1.6,2019-10-02,1715,A,84,6.0NRT,291.2,103.2,D
9.646,-63.536,327.1,2.4,1.5,2019-10-02,1715,A,64,6.0NRT,299.1,59.9,D
9.642,-63.557,337.5,2.4,1.5,2019-10-02,1715,A,89,6.0NRT,298.4,112.2,D
9.639,-63.579,329.4,2.4,1.5,2019-10-02,1715,A,83,6.0NRT,293.7,72.5,D
9.621,-63.688,330.6,2.5,1.5,2019-10-02,1715,A,82,6.0NRT,298.8,74.4,D
9.617,-63.71,329.8,2.5,1.5,2019-10-02,1715,A,82,6.0NRT,298,72.9,D
9.638,-63.563,339,2.4,1.5,2019-10-02,1715,A,90,6.0NRT,297.7,122.5,D
9.615,-63.694,326.7,2.5,1.5,2019-10-02,1715,A,62,6.0NRT,299.3,61.9,D
9.612,-63.716,325.1,2.5,1.5,2019-10-02,1715,A,79,6.0NRT,298.9,59,D
9.608,-63.739,323.7,2.5,1.5,2019-10-02,1715,A,74,6.0NRT,296.6,55.6,D
9.655,-63.544,319.2,2.4,1.5,2019-10-02,1715,A,51,6.0NRT,296.7,29.4,D
9.651,-63.565,326.4,2.4,1.5,2019-10-02,1715,A,81,6.0NRT,296.3,57.2,D
9.679,-63.482,326,2.4,1.5,2019-10-02,1715,A,81,6.0NRT,297.6,57,D
9.735,-63.47,326.6,2.4,1.5,2019-10-02,1715,A,81,6.0NRT,297,64.8,D
9.732,-63.492,320.2,2.4,1.5,2019-10-02,1715,A,68,6.0NRT,293,42.4,D
9.731,-63.474,333.2,2.4,1.5,2019-10-02,1715,A,86,6.0NRT,297.5,94.8,D
9.727,-63.496,313.5,2.4,1.5,2019-10-02,1715,A,35,6.0NRT,293.6,21.6,D
33.122,-88.384,318.7,3.2,1.7,2019-10-02,1725,T,58,6.0NRT,296.8,26.6,D
32.999,-91.435,321.9,2,1.4,2019-10-02,1725,T,45,6.0NRT,296,23.3,D
32.921,-91.508,319.3,2,1.4,2019-10-02,1725,T,50,6.0NRT,298.3,14.9,D
32.584,-90.666,315,2.3,1.5,2019-10-02,1725,T,34,6.0NRT,298,23,D
32.478,-90.985,314.2,2.2,1.5,2019-10-02,1725,T,0,6.0NRT,298.4,23,D
33.308,-96.243,323.1,1.1,1,2019-10-02,1725,T,71,6.0NRT,304.6,10.7,D
31.784,-91.308,315,2.2,1.4,2019-10-02,1725,T,28,6.0NRT,298.3,21.8,D
31.538,-91.724,317.9,2.1,1.4,2019-10-02,1725,T,31,6.0NRT,299.6,24,D
31.155,-90.976,313.2,2.4,1.5,2019-10-02,1725,T,54,6.0NRT,296.2,20.6,D
31.528,-94.161,314.7,1.5,1.2,2019-10-02,1725,T,54,6.0NRT,298,10.6,D
31.517,-94.163,317.3,1.5,1.2,2019-10-02,1725,T,65,6.0NRT,298.1,14.6,D
31.384,-95.025,320.5,1.3,1.1,2019-10-02,1725,T,69,6.0NRT,297.8,19.4,D
30.7,-91.543,321.5,2.3,1.5,2019-10-02,1725,T,74,6.0NRT,296.1,37.8,D
31.101,-93.795,352.1,1.6,1.2,2019-10-02,1725,T,96,6.0NRT,299.1,118.8,D
31.098,-93.778,326.6,1.6,1.2,2019-10-02,1725,T,79,6.0NRT,297.4,36.1,D
31.101,-93.801,344.4,1.6,1.2,2019-10-02,1725,T,92,6.0NRT,298.4,87.5,D
31.098,-93.785,343.3,1.6,1.2,2019-10-02,1725,T,92,6.0NRT,298.8,84.3,D
31.09,-93.804,315.5,1.6,1.2,2019-10-02,1725,T,62,6.0NRT,297.6,14.4,D
31.087,-93.788,330.1,1.6,1.2,2019-10-02,1725,T,82,6.0NRT,298,45,D
30.581,-91.485,325.6,2.3,1.5,2019-10-02,1725,T,79,6.0NRT,296.2,51.2,D
30.762,-94.73,323.5,1.4,1.2,2019-10-02,1725,T,75,6.0NRT,298.1,23.4,D
30.192,-91.793,317.8,2.2,1.5,2019-10-02,1725,T,69,6.0NRT,297.1,23.8,D
30.752,-94.732,344.8,1.4,1.2,2019-10-02,1725,T,92,6.0NRT,297.9,74,D
30.749,-94.718,317.8,1.4,1.2,2019-10-02,1725,T,29,6.0NRT,296.7,13.8,D
30.54,-94.802,321.6,1.4,1.2,2019-10-02,1725,T,72,6.0NRT,296.5,22.7,D
30.418,-95.281,324,1.3,1.1,2019-10-02,1725,T,75,6.0NRT,294.9,25.6,D
30.288,-95.656,316.6,1.3,1.1,2019-10-02,1725,T,58,6.0NRT,296.8,12.1,D
29.577,-94.913,311.2,1.4,1.2,2019-10-02,1725,T,47,6.0NRT,298.6,10.8,D
29.23,-96.572,319,1.2,1.1,2019-10-02,1725,T,53,6.0NRT,302.2,10.3,D
25.747,-97.777,317.3,1.2,1.1,2019-10-02,1725,T,29,6.0NRT,299.3,12,D
21.397,-99.344,318.3,1.1,1.1,2019-10-02,1725,T,47,6.0NRT,302.6,13.2,D
21.016,-101.485,316.5,1,1,2019-10-02,1725,T,51,6.0NRT,298.4,7.4,D
21.014,-101.476,315.3,1,1,2019-10-02,1725,T,31,6.0NRT,298,6.5,D
20.575,-100.525,315.8,1,1,2019-10-02,1725,T,55,6.0NRT,298.1,6.7,D
20.542,-100.73,313.9,1,1,2019-10-02,1725,T,57,6.0NRT,299.2,6.5,D
19.738,-99.22,320.2,1.2,1.1,2019-10-02,1725,T,56,6.0NRT,298.4,11.8,D
19.737,-99.209,316.7,1.2,1.1,2019-10-02,1725,T,31,6.0NRT,301.8,7,D
19.613,-99.221,322,1.2,1.1,2019-10-02,1725,T,55,6.0NRT,299.4,12.9,D
19.555,-99.047,317.7,1.2,1.1,2019-10-02,1725,T,32,6.0NRT,302.4,7.7,D
19.52,-99.077,321,1.2,1.1,2019-10-02,1725,T,17,6.0NRT,303.7,9.4,D
19.518,-99.083,321.5,1.2,1.1,2019-10-02,1725,T,56,6.0NRT,304,10.5,D
19.505,-99.189,324.5,1.2,1.1,2019-10-02,1725,T,64,6.0NRT,302.6,14.8,D
19.912,-102.006,312.5,1,1,2019-10-02,1725,T,51,6.0NRT,297.9,6.4,D
19.471,-99.218,322.5,1.2,1.1,2019-10-02,1725,T,77,6.0NRT,302.8,14.6,D
19.382,-99.572,317.1,1.1,1.1,2019-10-02,1725,T,68,6.0NRT,297.1,13.1,D
19.81,-102.703,313.9,1,1,2019-10-02,1725,T,68,6.0NRT,298.6,6.9,D
19.294,-99.539,317.2,1.2,1.1,2019-10-02,1725,T,22,6.0NRT,298.2,10.2,D
17.882,-93.166,307.6,3.4,1.7,2019-10-02,1725,T,36,6.0NRT,282.3,25.9,D
18.736,-102.79,310.2,1,1,2019-10-02,1725,T,48,6.0NRT,294.6,4.8,D
18.36,-102.291,311.2,1,1,2019-10-02,1725,T,64,6.0NRT,293.4,6,D
17.932,-102.209,318.6,1,1,2019-10-02,1725,T,0,6.0NRT,295.6,8.8,D
17.931,-102.199,317.8,1,1,2019-10-02,1725,T,56,6.0NRT,295.8,7.6,D
10.633,-85.435,305,1.4,1.2,2019-10-02,1855,A,12,6.0NRT,277.8,6.5,D
13.235,-84.639,310.8,1.2,1.1,2019-10-02,1855,A,59,6.0NRT,289.4,7.3,D
14.667,-86.223,319.1,1.4,1.2,2019-10-02,1855,A,35,6.0NRT,298,14.4,D
15.845,-84.998,319.7,1.1,1.1,2019-10-02,1855,A,70,6.0NRT,298,10.8,D
15.891,-85.613,323,1.2,1.1,2019-10-02,1855,A,63,6.0NRT,298.8,11.7,D
16.083,-90.1,313.1,2.5,1.5,2019-10-02,1855,A,60,6.0NRT,290.8,21.7,D
16.077,-90.106,314.8,2.5,1.5,2019-10-02,1855,A,69,6.0NRT,291.4,29.1,D
16.757,-89.557,306.6,2.2,1.4,2019-10-02,1855,A,0,6.0NRT,288.2,12,D
21.033,-87.701,312.2,1.4,1.2,2019-10-02,1855,A,46,6.0NRT,294.6,9.9,D
26.707,-80.9,318.3,1.4,1.2,2019-10-02,1855,A,22,6.0NRT,301.2,13,D
26.86,-81.26,317.4,1.4,1.2,2019-10-02,1855,A,56,6.0NRT,299.5,11.4,D
27.849,-81.386,319,1.4,1.2,2019-10-02,1855,A,52,6.0NRT,298,15.5,D
29.068,-81.82,321.3,1.4,1.2,2019-10-02,1900,A,36,6.0NRT,296,18.7,D
29.968,-90.727,323.9,1.5,1.2,2019-10-02,1900,A,77,6.0NRT,301.5,24.8,D
29.965,-90.742,322.2,1.5,1.2,2019-10-02,1900,A,73,6.0NRT,300.5,22.9,D
29.978,-90.73,341.3,1.5,1.2,2019-10-02,1900,A,90,6.0NRT,300.7,64.4,D
30.077,-92.127,316.8,1.8,1.3,2019-10-02,1900,A,58,6.0NRT,293.4,20.3,D
30.263,-91.206,329.5,1.5,1.2,2019-10-02,1900,A,78,6.0NRT,297.7,34.6,D
31.467,-83.831,319.8,1.1,1.1,2019-10-02,1900,A,52,6.0NRT,301.1,11.8,D
31.921,-81.717,316.2,1.5,1.2,2019-10-02,1900,A,57,6.0NRT,297.3,11.9,D
31.919,-81.733,318.9,1.5,1.2,2019-10-02,1900,A,66,6.0NRT,300.3,16.1,D
30.559,-91.299,317.2,1.5,1.2,2019-10-02,1900,A,45,6.0NRT,299.5,13.6,D
30.556,-91.315,325.2,1.6,1.2,2019-10-02,1900,A,73,6.0NRT,300.5,28.4,D
31.991,-81.588,320.2,1.5,1.2,2019-10-02,1900,A,55,6.0NRT,301,18.1,D
31.147,-88.095,316.2,1.1,1,2019-10-02,1900,A,52,6.0NRT,301.4,7.2,D
31.98,-82.65,317.4,1.3,1.1,2019-10-02,1900,A,40,6.0NRT,297.9,12.7,D
31.154,-90.973,316.3,1.4,1.2,2019-10-02,1900,A,66,6.0NRT,298.3,14.4,D
30.418,-95.281,309.1,2.9,1.6,2019-10-02,1900,A,35,6.0NRT,293,20,D
30.407,-95.285,315,2.9,1.6,2019-10-02,1900,A,65,6.0NRT,293.8,39.7,D
30.772,-94.736,325.7,2.6,1.5,2019-10-02,1900,A,79,6.0NRT,294.3,73.2,D
31.09,-93.788,331.6,2.2,1.4,2019-10-02,1900,A,84,6.0NRT,294.9,80.6,D
32.939,-89.608,324,1.1,1.1,2019-10-02,1900,A,73,6.0NRT,300.1,17.5,D
33.308,-96.247,326.3,2.8,1.6,2019-10-02,1900,A,77,6.0NRT,301.1,64.5,D
33.302,-96.276,323.9,2.8,1.6,2019-10-02,1900,A,74,6.0NRT,300.8,53.6,D
33.311,-96.252,328.9,2.8,1.6,2019-10-02,1900,A,80,6.0NRT,301,78.6,D
33.304,-96.282,319.7,2.8,1.6,2019-10-02,1900,A,67,6.0NRT,300.8,34.7,D
32.47,-109.924,332.2,1,1,2019-10-02,2040,A,77,6.0NRT,310.5,18.8,D
32.468,-109.935,374.4,1,1,2019-10-02,2040,A,100,6.0NRT,312.8,126.6,D
33.419,-110.867,322.7,1,1,2019-10-02,2040,A,62,6.0NRT,310.3,7.7,D
9.23,-64.3,364.2,1,1,2019-10-03,0240,T,100,6.0NRT,294.4,96.4,N
9.228,-64.309,330.2,1,1,2019-10-03,0240,T,100,6.0NRT,293.4,27.1,N
9.238,-64.301,311,1,1,2019-10-03,0240,T,82,6.0NRT,292.8,8.4,N
9.372,-64.521,306.5,1,1,2019-10-03,0240,T,68,6.0NRT,294.2,5.3,N
9.371,-64.53,308,1,1,2019-10-03,0240,T,73,6.0NRT,294.1,6.2,N
9.387,-64.547,326.1,1,1,2019-10-03,0240,T,100,6.0NRT,295.6,22.4,N
9.638,-63.557,310.3,1,1,2019-10-03,0240,T,78,6.0NRT,284.2,8.6,N
9.637,-63.566,303.3,1,1,2019-10-03,0240,T,29,6.0NRT,278.1,4,N
9.615,-63.721,305.1,1,1,2019-10-03,0240,T,62,6.0NRT,281.8,7.5,N
9.614,-63.73,300.4,1,1,2019-10-03,0240,T,22,6.0NRT,281.8,4.5,N
9.651,-63.531,328.5,1,1,2019-10-03,0240,T,100,6.0NRT,292.5,26.2,N
9.65,-63.54,313.8,1,1,2019-10-03,0240,T,88,6.0NRT,290.3,11.3,N
9.647,-63.558,342,1,1,2019-10-03,0240,T,100,6.0NRT,289.3,46,N
9.646,-63.568,349.8,1,1,2019-10-03,0240,T,100,6.0NRT,289.7,61.7,N
9.645,-63.577,307.7,1,1,2019-10-03,0240,T,51,6.0NRT,285.5,6.9,N
9.628,-63.695,339.2,1,1,2019-10-03,0240,T,100,6.0NRT,278.8,44,N
9.624,-63.722,327.4,1,1,2019-10-03,0240,T,100,6.0NRT,279,26.2,N
9.623,-63.731,321.5,1,1,2019-10-03,0240,T,100,6.0NRT,282.9,19.5,N
9.656,-63.56,314.5,1,1,2019-10-03,0240,T,52,6.0NRT,289.1,11,N
9.655,-63.569,331.3,1,1,2019-10-03,0240,T,100,6.0NRT,290.6,29.2,N
9.648,-63.614,303.3,1,1,2019-10-03,0240,T,10,6.0NRT,284.8,4.4,N
9.647,-63.624,354.1,1,1,2019-10-03,0240,T,100,6.0NRT,287,72,N
9.646,-63.633,336.3,1,1,2019-10-03,0240,T,100,6.0NRT,283.6,37.8,N
9.678,-63.47,321.2,1,1,2019-10-03,0240,T,100,6.0NRT,293.7,17.5,N
9.677,-63.479,328,1,1,2019-10-03,0240,T,100,6.0NRT,294,25.1,N
9.656,-63.625,348.5,1,1,2019-10-03,0240,T,100,6.0NRT,288.6,58.9,N
9.655,-63.634,323.4,1,1,2019-10-03,0240,T,100,6.0NRT,285.9,20.4,N
9.739,-63.428,304.3,1,1,2019-10-03,0240,T,59,6.0NRT,292.5,4.4,N
9.734,-63.465,306.4,1,1,2019-10-03,0240,T,67,6.0NRT,293.9,5.1,N
9.732,-63.474,334.1,1,1,2019-10-03,0240,T,100,6.0NRT,295.5,33.3,N
9.731,-63.483,304.6,1,1,2019-10-03,0240,T,33,6.0NRT,293.4,3.9,N
9.741,-63.475,312,1,1,2019-10-03,0240,T,84,6.0NRT,293.5,8.9,N
9.779,-63.274,301.5,1,1,2019-10-03,0240,T,42,6.0NRT,288.1,3.5,N
10.421,-61.478,302.2,1.2,1.1,2019-10-03,0240,T,48,6.0NRT,287,5.3,N
10.059,-64.867,314.3,1,1,2019-10-03,0240,T,87,6.0NRT,289.4,10.9,N
10.058,-64.876,309,1,1,2019-10-03,0240,T,64,6.0NRT,289.9,6.7,N
30.26,-93.288,308.2,1,1,2019-10-03,0425,T,72,6.0NRT,295.3,6,N
32.131,-93.395,310.3,1,1,2019-10-03,0425,T,80,6.0NRT,292.7,8.9,N
32.13,-93.406,305.5,1,1,2019-10-03,0425,T,63,6.0NRT,293,5.7,N
32.234,-101.683,308.8,2.1,1.4,2019-10-03,0425,T,76,6.0NRT,292.4,25,N
17.84,-93.118,331.6,1.1,1.1,2019-10-03,0420,T,100,6.0NRT,290.1,36.7,N
17.838,-93.128,306.6,1.1,1.1,2019-10-03,0420,T,69,6.0NRT,286.4,8,N
17.912,-93.521,301.4,1.2,1.1,2019-10-03,0420,T,41,6.0NRT,289.9,4.6,N
18.003,-93.447,306,1.2,1.1,2019-10-03,0420,T,67,6.0NRT,288.9,7.5,N
18.001,-93.458,302.9,1.2,1.1,2019-10-03,0420,T,52,6.0NRT,287.7,5.1,N
18.005,-93.453,316,1.2,1.1,2019-10-03,0420,T,92,6.0NRT,288.9,17.3,N
18.203,-94.007,306.1,1.3,1.1,2019-10-03,0420,T,66,6.0NRT,288.5,9.6,N
18.646,-92.177,313.1,1,1,2019-10-03,0420,T,86,6.0NRT,291.7,10.9,N
19.293,-92.169,313.1,1,1,2019-10-03,0420,T,81,6.0NRT,295.7,8.4,N
19.394,-92.044,309.8,1,1,2019-10-03,0420,T,57,6.0NRT,293.7,7.7,N
19.426,-92.075,317.4,1,1,2019-10-03,0420,T,93,6.0NRT,295.6,12.5,N
19.425,-92.085,314.5,1,1,2019-10-03,0420,T,85,6.0NRT,295.5,9.7,N
19.441,-92.038,311.8,1,1,2019-10-03,0420,T,76,6.0NRT,294.5,8.2,N
19.435,-92.077,308.9,1,1,2019-10-03,0420,T,63,6.0NRT,295.5,6,N
19.434,-92.087,306.2,1,1,2019-10-03,0420,T,43,6.0NRT,294.8,3.9,N
19.569,-92.234,307.3,1,1,2019-10-03,0420,T,53,6.0NRT,293.9,4.6,N
19.567,-92.244,306.9,1,1,2019-10-03,0420,T,50,6.0NRT,293.9,4.6,N
20.508,-97.477,311.6,2,1.4,2019-10-03,0420,T,83,6.0NRT,292.2,24.2,N
20.521,-97.48,324.1,2,1.4,2019-10-03,0420,T,100,6.0NRT,292.1,54.2,N
9.854,-63.327,301.2,1.9,1.3,2019-10-03,0530,A,20,6.0NRT,289,9.9,N
9.745,-63.47,307.6,1.9,1.3,2019-10-03,0530,A,72,6.0NRT,289.6,19,N
9.733,-63.472,314.8,1.9,1.3,2019-10-03,0530,A,90,6.0NRT,288.5,32,N
9.685,-63.477,303.2,1.9,1.3,2019-10-03,0530,A,20,6.0NRT,281,11.7,N
9.677,-63.466,309.2,1.9,1.3,2019-10-03,0530,A,77,6.0NRT,278.7,24.1,N
9.661,-63.628,326.5,2,1.4,2019-10-03,0530,A,100,6.0NRT,292.5,63.6,N
9.659,-63.61,329.5,2,1.4,2019-10-03,0530,A,100,6.0NRT,292.4,71.6,N
9.652,-63.558,334.6,1.9,1.4,2019-10-03,0530,A,100,6.0NRT,290.8,87.9,N
9.649,-63.629,341,2,1.4,2019-10-03,0530,A,100,6.0NRT,292.1,118.3,N
9.647,-63.612,326,2,1.4,2019-10-03,0530,A,100,6.0NRT,291.4,60.5,N
9.633,-63.703,302.7,2,1.4,2019-10-03,0530,A,12,6.0NRT,291.7,9.3,N
9.631,-63.685,318.8,2,1.4,2019-10-03,0530,A,98,6.0NRT,292.3,41.6,N
9.623,-63.723,303,2,1.4,2019-10-03,0530,A,21,6.0NRT,291.1,9.9,N
9.629,-63.693,319.3,2,1.4,2019-10-03,0530,A,98,6.0NRT,292.2,43.6,N
9.627,-63.675,303.7,2,1.4,2019-10-03,0530,A,56,6.0NRT,291.9,11.9,N
9.387,-64.541,304.1,2.3,1.5,2019-10-03,0530,A,58,6.0NRT,288.1,17.5,N
9.24,-64.3,300,2.2,1.4,2019-10-03,0530,A,8,6.0NRT,269.5,16.3,N
32.135,-93.394,302.8,2.6,1.5,2019-10-03,0840,A,47,6.0NRT,288.4,20,N
32.47,-101.708,303.4,1,1,2019-10-03,0840,A,55,6.0NRT,290.8,6.4,N
33.42,-110.862,304.5,2.8,1.6,2019-10-03,0840,A,60,6.0NRT,286.7,38.2,N
31.349,-101.801,328.8,1,1,2019-10-03,0840,A,100,6.0NRT,293,27.5,N
31.347,-101.791,340.1,1,1,2019-10-03,0840,A,100,6.0NRT,294.3,43.9,N
26.879,-101.41,303.4,1.1,1,2019-10-03,0845,A,52,6.0NRT,292.5,6.2,N
20.517,-97.468,321.8,2.4,1.5,2019-10-03,0845,A,100,6.0NRT,290.2,71.7,N
20.522,-97.471,325.5,2.4,1.5,2019-10-03,0845,A,100,6.0NRT,290.2,86.2,N
17.937,-102.21,300.3,1.3,1.1,2019-10-03,0845,A,23,6.0NRT,286.3,3.8,N
18.923,-70.35,307.9,2.3,1.5,2019-10-03,1455,T,63,6.0NRT,280.7,16.9,D
17.702,-64.751,315,1,1,2019-10-03,1455,T,57,6.0NRT,302.3,8.2,D
10.597,-61.131,311.4,1.5,1.2,2019-10-03,1455,T,32,6.0NRT,293.9,10,D
10.587,-61.133,310.7,1.5,1.2,2019-10-03,1455,T,27,6.0NRT,292.9,9.5,D
9.741,-63.183,319.5,1.1,1.1,2019-10-03,1455,T,28,6.0NRT,295.4,10.1,D
10.233,-66.659,317.1,1,1,2019-10-03,1455,T,46,6.0NRT,297,7.3,D
9.702,-63.526,316.4,1.1,1,2019-10-03,1455,T,65,6.0NRT,294.2,8.9,D
9.678,-63.475,332.5,1.1,1.1,2019-10-03,1455,T,86,6.0NRT,295.8,30.9,D
9.677,-63.465,315,1.1,1.1,2019-10-03,1455,T,42,6.0NRT,292.7,8.2,D
9.654,-63.57,338.3,1.1,1,2019-10-03,1455,T,89,6.0NRT,294.1,37.6,D
9.653,-63.56,352.9,1.1,1,2019-10-03,1455,T,97,6.0NRT,293.6,69.8,D
9.65,-63.54,319.5,1.1,1,2019-10-03,1455,T,14,6.0NRT,293,11.2,D
9.645,-63.572,339.7,1.1,1,2019-10-03,1455,T,90,6.0NRT,294,40.1,D
9.642,-63.552,328.4,1.1,1,2019-10-03,1455,T,68,6.0NRT,292,20.8,D
9.572,-63.221,317.2,1.1,1.1,2019-10-03,1455,T,26,6.0NRT,297.1,11.2,D
9.603,-63.548,314.2,1.1,1,2019-10-03,1455,T,57,6.0NRT,292.5,6.6,D
9.387,-64.543,326.8,1,1,2019-10-03,1455,T,80,6.0NRT,296.6,19.1,D
9.231,-64.063,318.7,1.1,1,2019-10-03,1455,T,62,6.0NRT,298.3,9.8,D
9.229,-64.054,323.4,1.1,1,2019-10-03,1455,T,69,6.0NRT,298.3,15,D
9.231,-64.302,385,1,1,2019-10-03,1455,T,100,6.0NRT,300.5,176.2,D
9.23,-64.293,327.8,1,1,2019-10-03,1455,T,46,6.0NRT,296.8,16.9,D
9.048,-63.412,328.9,1.1,1.1,2019-10-03,1455,T,79,6.0NRT,298.8,21.7,D
9.046,-63.402,321.7,1.1,1.1,2019-10-03,1455,T,37,6.0NRT,298.2,11.8,D
8.841,-64.714,317.2,1,1,2019-10-03,1455,T,42,6.0NRT,295.7,8.2,D
8.64,-63.567,320.6,1.1,1.1,2019-10-03,1455,T,52,6.0NRT,301,11.8,D
7.924,-66.113,323.6,1,1,2019-10-03,1455,T,75,6.0NRT,295,9.7,D
7.718,-65.222,316.6,1,1,2019-10-03,1455,T,51,6.0NRT,296.6,6.4,D
7.277,-62.362,313.9,1.4,1.2,2019-10-03,1455,T,64,6.0NRT,294.2,9.1,D
7.084,-61.845,312.6,1.5,1.2,2019-10-03,1455,T,59,6.0NRT,294.4,12.5,D
32.426,-82.11,327.5,1.1,1.1,2019-10-03,1630,T,77,6.0NRT,301.5,20.4,D
32.418,-82.093,317.7,1.1,1.1,2019-10-03,1630,T,45,6.0NRT,300.8,7.3,D
32.411,-82.108,315.7,1.1,1.1,2019-10-03,1630,T,18,6.0NRT,300.6,5.4,D
33.003,-91.463,322.4,2,1.4,2019-10-03,1630,T,0,6.0NRT,299.8,21.6,D
33.001,-91.442,325.3,2,1.4,2019-10-03,1630,T,63,6.0NRT,298.8,31.7,D
32.998,-91.449,329,2,1.4,2019-10-03,1630,T,72,6.0NRT,299.2,43.6,D
32.307,-87.342,318.3,1.1,1.1,2019-10-03,1630,T,46,6.0NRT,301.7,5.7,D
32.305,-87.331,330,1.1,1.1,2019-10-03,1630,T,75,6.0NRT,301.8,21.1,D
31.74,-84.16,324,1,1,2019-10-03,1630,T,50,6.0NRT,304.4,8.8,D
31.729,-85.578,317.9,1,1,2019-10-03,1630,T,48,6.0NRT,303.4,6,D
32.427,-91.835,376.4,2,1.4,2019-10-03,1630,T,100,6.0NRT,299.4,355.4,D
31.357,-84.194,325.8,1,1,2019-10-03,1630,T,72,6.0NRT,301.6,13.3,D
31.356,-84.183,322,1,1,2019-10-03,1630,T,49,6.0NRT,303.1,9,D
30.953,-83.222,320.5,1.1,1,2019-10-03,1630,T,38,6.0NRT,304.3,9.1,D
32.015,-92.604,351.8,2.3,1.5,2019-10-03,1630,T,96,6.0NRT,296.2,192.5,D
32.013,-92.58,340.6,2.3,1.5,2019-10-03,1630,T,90,6.0NRT,296.4,120.4,D
32.002,-92.605,318.6,2.3,1.5,2019-10-03,1630,T,68,6.0NRT,295.3,30.1,D
32,-92.582,316.2,2.3,1.5,2019-10-03,1630,T,63,6.0NRT,295.6,23.4,D
32.018,-92.61,318.3,2.3,1.5,2019-10-03,1630,T,67,6.0NRT,295.9,30,D
32.016,-92.586,328.2,2.3,1.5,2019-10-03,1630,T,80,6.0NRT,296.2,64.4,D
32.005,-92.611,332.9,2.3,1.5,2019-10-03,1630,T,84,6.0NRT,295.4,83.4,D
32.003,-92.587,344.6,2.3,1.5,2019-10-03,1630,T,92,6.0NRT,296,145.4,D
31.098,-85.043,327.7,1,1,2019-10-03,1630,T,75,6.0NRT,305.2,15.5,D
31.097,-85.033,323.7,1,1,2019-10-03,1630,T,68,6.0NRT,303.5,11,D
31.228,-87.776,314.4,1.1,1.1,2019-10-03,1630,T,42,6.0NRT,300.7,6.6,D
31.226,-87.765,318,1.1,1.1,2019-10-03,1630,T,59,6.0NRT,301.7,10.2,D
30.612,-83.8,321.7,1,1,2019-10-03,1630,T,54,6.0NRT,307,8,D
30.61,-83.79,321.6,1,1,2019-10-03,1630,T,58,6.0NRT,305.1,7.6,D
30.6,-83.847,318.1,1,1,2019-10-03,1630,T,58,6.0NRT,304.5,6,D
30.314,-82.13,313.4,1.2,1.1,2019-10-03,1630,T,52,6.0NRT,298.6,8.9,D
31.147,-88.09,318.7,1.2,1.1,2019-10-03,1630,T,65,6.0NRT,305.1,10.1,D
30.483,-83.917,318.8,1,1,2019-10-03,1630,T,56,6.0NRT,303.3,8.7,D
30.306,-83.115,318.7,1.1,1,2019-10-03,1630,T,64,6.0NRT,304.7,7.3,D
30.944,-88.013,322.7,1.2,1.1,2019-10-03,1630,T,72,6.0NRT,303.5,15.2,D
30.998,-90.335,319.8,1.6,1.2,2019-10-03,1630,T,66,6.0NRT,303.4,15.6,D
30.513,-86.355,320.3,1,1,2019-10-03,1630,T,65,6.0NRT,307.4,9.3,D
31.03,-91.702,319.5,1.9,1.4,2019-10-03,1630,T,35,6.0NRT,303,23.9,D
31.102,-93.785,320.5,2.7,1.6,2019-10-03,1630,T,72,6.0NRT,294.4,50.7,D
31.1,-93.757,321.6,2.7,1.6,2019-10-03,1630,T,73,6.0NRT,294,54.7,D
31.109,-93.764,312.5,2.7,1.6,2019-10-03,1630,T,17,6.0NRT,293.9,21.6,D
31.098,-93.793,313.2,2.7,1.6,2019-10-03,1630,T,55,6.0NRT,294.5,26,D
31.095,-93.765,321,2.7,1.6,2019-10-03,1630,T,73,6.0NRT,294,54.4,D
30.863,-91.858,318.3,2,1.4,2019-10-03,1630,T,41,6.0NRT,302.5,20.3,D
30.828,-94.775,311.9,3.1,1.7,2019-10-03,1630,T,47,6.0NRT,293.8,31.4,D
30.571,-91.771,314.9,1.9,1.3,2019-10-03,1630,T,37,6.0NRT,300.9,16.5,D
30.83,-94.782,312.7,3.1,1.7,2019-10-03,1630,T,52,6.0NRT,293.8,35.3,D
30.476,-91.233,325.8,1.8,1.3,2019-10-03,1630,T,78,6.0NRT,301.1,31,D
29.072,-81.809,313.8,1.3,1.1,2019-10-03,1630,T,58,6.0NRT,297,10.7,D
30.002,-90.398,316.2,1.5,1.2,2019-10-03,1630,T,17,6.0NRT,301.7,12.7,D
28.736,-82.006,322.2,1.3,1.1,2019-10-03,1630,T,53,6.0NRT,305.6,18,D
28.734,-81.993,330,1.3,1.1,2019-10-03,1630,T,83,6.0NRT,305.2,30.4,D
28.726,-82.008,328.9,1.3,1.1,2019-10-03,1630,T,81,6.0NRT,305.3,28.2,D
28.723,-81.995,341.4,1.3,1.1,2019-10-03,1630,T,91,6.0NRT,305.8,55,D
28.397,-82.427,327.5,1.3,1.1,2019-10-03,1630,T,81,6.0NRT,299.9,25.7,D
28.398,-82.433,314.4,1.3,1.1,2019-10-03,1630,T,44,6.0NRT,299.4,8.8,D
28.396,-82.421,323.7,1.3,1.1,2019-10-03,1630,T,77,6.0NRT,299.6,21.2,D
26.858,-81.244,313.5,1.6,1.2,2019-10-03,1630,T,60,6.0NRT,297.8,9.8,D
26.858,-81.822,313.4,1.4,1.2,2019-10-03,1630,T,43,6.0NRT,297.8,10,D
26.848,-81.825,316.9,1.4,1.2,2019-10-03,1630,T,68,6.0NRT,296.5,14.5,D
19.435,-92.042,311.7,1.4,1.2,2019-10-03,1630,T,48,6.0NRT,293.2,9.8,D
19.43,-92.083,316,1.4,1.2,2019-10-03,1630,T,61,6.0NRT,294.1,16.5,D
19.428,-92.07,310.2,1.4,1.2,2019-10-03,1630,T,18,6.0NRT,295.4,7.9,D
19.397,-92.04,311.6,1.4,1.2,2019-10-03,1630,T,37,6.0NRT,295.2,10,D
19.51,-96.358,312.5,2.9,1.6,2019-10-03,1630,T,0,6.0NRT,292.5,22.9,D
15.793,-86.627,313.6,1.1,1.1,2019-10-03,1630,T,24,6.0NRT,295.5,7.8,D
15.783,-87.442,315.7,1.1,1,2019-10-03,1630,T,31,6.0NRT,297,6.3,D
15.849,-87.94,316.2,1,1,2019-10-03,1630,T,0,6.0NRT,298,6.9,D
15.598,-87.208,314.2,1.1,1,2019-10-03,1630,T,58,6.0NRT,296.7,6.1,D
15.321,-87.984,319.6,1,1,2019-10-03,1630,T,28,6.0NRT,297.9,7,D
33.009,-79.882,316.8,1.5,1.2,2019-10-03,1625,T,61,6.0NRT,300.6,16.4,D
33.04,-82.103,340.2,1.1,1.1,2019-10-03,1625,T,89,6.0NRT,303.5,38.5,D
33.038,-82.091,323.6,1.1,1.1,2019-10-03,1625,T,45,6.0NRT,302,11.2,D
33.028,-82.093,324.5,1.1,1.1,2019-10-03,1625,T,57,6.0NRT,302.2,12.6,D
14.913,-89.84,319.3,1,1,2019-10-03,1635,T,43,6.0NRT,299.7,8,D
13.862,-86.553,314.8,1.2,1.1,2019-10-03,1635,T,66,6.0NRT,295.8,10.2,D
13.847,-86.792,315.8,1.2,1.1,2019-10-03,1635,T,71,6.0NRT,297.4,9.1,D
13.991,-89.643,313.9,1,1,2019-10-03,1635,T,51,6.0NRT,295.7,6.8,D
13.697,-88.104,311,1,1,2019-10-03,1635,T,52,6.0NRT,294.2,5,D
13.643,-88.783,312.8,1,1,2019-10-03,1635,T,47,6.0NRT,294.4,5.5,D
12.63,-87.122,314.3,1.2,1.1,2019-10-03,1635,T,34,6.0NRT,293.5,7.8,D
11.932,-85.957,313.4,1.4,1.2,2019-10-03,1635,T,19,6.0NRT,291.1,9.2,D
7.648,-65.511,323.6,1.1,1,2019-10-03,1755,A,48,6.0NRT,300.1,11.3,D
7.715,-65.223,326.7,1.1,1,2019-10-03,1755,A,70,6.0NRT,298.6,15.1,D
7.713,-65.233,330.6,1.1,1,2019-10-03,1755,A,81,6.0NRT,299.5,20.2,D
8.219,-64.889,323,1.1,1.1,2019-10-03,1755,A,63,6.0NRT,300.2,11.2,D
8.844,-62.399,321.5,1.7,1.3,2019-10-03,1755,A,58,6.0NRT,297.4,15,D
8.924,-62.742,326.6,1.6,1.2,2019-10-03,1755,A,76,6.0NRT,295.9,27.2,D
8.935,-62.744,319.5,1.6,1.2,2019-10-03,1755,A,50,6.0NRT,294.4,13.2,D
8.864,-68.906,319.3,1.1,1,2019-10-03,1755,A,75,6.0NRT,289.3,12.7,D
9.319,-66.455,329.4,1,1,2019-10-03,1755,A,82,6.0NRT,289.6,24.3,D
8.964,-68.976,311.3,1.1,1,2019-10-03,1755,A,60,6.0NRT,287.2,6,D
8.997,-68.882,317.9,1.1,1,2019-10-03,1755,A,62,6.0NRT,293.3,11.9,D
8.996,-68.892,320.9,1.1,1,2019-10-03,1755,A,73,6.0NRT,292.2,15.1,D
9.128,-68.811,314.2,1.1,1,2019-10-03,1755,A,54,6.0NRT,295.9,6.7,D
9.127,-68.82,321.9,1.1,1,2019-10-03,1755,A,76,6.0NRT,295,14.2,D
9.33,-67.798,313.1,1,1,2019-10-03,1755,A,26,6.0NRT,291.1,6.2,D
9.338,-67.808,317,1,1,2019-10-03,1755,A,63,6.0NRT,289.6,10,D
9.184,-68.864,318.5,1.1,1,2019-10-03,1755,A,67,6.0NRT,297.5,8.9,D
9.225,-69.025,315.1,1.1,1,2019-10-03,1755,A,34,6.0NRT,295.7,8,D
9.345,-68.764,315.9,1.1,1,2019-10-03,1755,A,66,6.0NRT,298.1,7.7,D
8.772,-72.614,310.5,1.8,1.3,2019-10-03,1755,A,61,6.0NRT,285.3,13.3,D
9.3,-69.262,311.3,1.1,1,2019-10-03,1755,A,44,6.0NRT,289.1,6,D
9.362,-69.101,312.8,1.1,1,2019-10-03,1755,A,60,6.0NRT,291.4,6.1,D
9.36,-69.111,314.2,1.1,1,2019-10-03,1755,A,64,6.0NRT,292.2,7.2,D
9.455,-68.652,320,1,1,2019-10-03,1755,A,72,6.0NRT,298.8,10.4,D
8.998,-71.917,314.3,1.6,1.2,2019-10-03,1755,A,62,6.0NRT,294.8,13.1,D
8.996,-71.932,315.2,1.6,1.3,2019-10-03,1755,A,67,6.0NRT,295.8,14.4,D
9.531,-68.631,314.1,1,1,2019-10-03,1755,A,30,6.0NRT,296.2,3.9,D
10.213,-67.423,319.2,1,1,2019-10-03,1755,A,48,6.0NRT,299.1,8.1,D
10.158,-69.011,315.3,1.1,1,2019-10-03,1755,A,36,6.0NRT,298.5,9.2,D
10.31,-68.788,317.5,1,1,2019-10-03,1755,A,35,6.0NRT,299.2,8.3,D
9.747,-73.49,314.4,2.1,1.4,2019-10-03,1755,A,42,6.0NRT,294.6,18.2,D
10.427,-69.423,337.5,1.1,1,2019-10-03,1755,A,88,6.0NRT,301.6,32.7,D
10.425,-69.433,329.4,1.1,1,2019-10-03,1755,A,77,6.0NRT,300.3,19.7,D
10.436,-69.425,354.6,1.1,1,2019-10-03,1755,A,97,6.0NRT,301.4,70.1,D
10.435,-69.434,349.9,1.1,1,2019-10-03,1755,A,95,6.0NRT,301.2,58.2,D
10.444,-69.436,325.8,1.1,1,2019-10-03,1755,A,75,6.0NRT,299.2,15.6,D
10.442,-69.446,363.4,1.1,1,2019-10-03,1755,A,100,6.0NRT,299.2,98.4,D
10.452,-69.448,322.2,1.1,1,2019-10-03,1755,A,56,6.0NRT,298.1,12.4,D
10.585,-68.98,331.9,1.1,1,2019-10-03,1755,A,83,6.0NRT,296.7,26.9,D
10.584,-68.989,318.7,1.1,1,2019-10-03,1755,A,62,6.0NRT,297.6,11.3,D
10.796,-69.054,320.2,1.1,1,2019-10-03,1755,A,65,6.0NRT,299.8,11.1,D
10.865,-69.571,318.6,1.1,1,2019-10-03,1755,A,67,6.0NRT,301.4,7.6,D
11.057,-69.478,323.6,1.1,1,2019-10-03,1755,A,72,6.0NRT,293.8,16.3,D
11.062,-69.484,316.6,1.1,1,2019-10-03,1755,A,36,6.0NRT,293.1,10,D
11.096,-69.321,324,1.1,1,2019-10-03,1755,A,53,6.0NRT,303.7,11.8,D
24.364,-111.66,313.9,1,1,2019-10-03,1810,T,26,6.0NRT,298.2,10.1,D
31.978,-104.065,316.7,1.6,1.3,2019-10-03,1805,T,65,6.0NRT,296.3,11.6,D
30.75,-101.54,314.7,2.6,1.5,2019-10-03,1805,T,40,6.0NRT,295.1,30.8,D
32.186,-115.084,354,1.6,1.3,2019-10-03,1805,T,96,6.0NRT,312.3,114.3,D
32.185,-115.067,330.4,1.6,1.3,2019-10-03,1805,T,73,6.0NRT,312.1,28.9,D
31.656,-116.402,352,1.9,1.4,2019-10-03,1805,T,95,6.0NRT,310.8,144,D
31.644,-116.405,335.3,1.9,1.4,2019-10-03,1805,T,83,6.0NRT,310.5,64.9,D
28.726,-81.983,314.7,3.4,1.7,2019-10-03,1805,A,48,6.0NRT,297.9,37.3,D
28.718,-82.017,318.9,3.5,1.8,2019-10-03,1805,A,69,6.0NRT,298.5,59.8,D
30.322,-82.721,310.9,3.5,1.8,2019-10-03,1805,A,44,6.0NRT,296.2,26.5,D
30.315,-82.723,311.1,3.5,1.8,2019-10-03,1805,A,56,6.0NRT,297,29.4,D
31.599,-81.943,323,2.9,1.6,2019-10-03,1805,A,75,6.0NRT,296.5,64.1,D
31.613,-81.948,315,2.9,1.6,2019-10-03,1805,A,18,6.0NRT,296.2,28.2,D
31.6,-81.948,328.3,2.9,1.6,2019-10-03,1805,A,81,6.0NRT,297.1,95.3,D
15.91,-89.464,316.7,1.4,1.2,2019-10-03,1935,A,43,6.0NRT,294.1,13.1,D
16.205,-90.035,311.2,1.3,1.1,2019-10-03,1940,A,22,6.0NRT,291.3,5.2,D
16.524,-95.006,315.5,1,1,2019-10-03,1940,A,70,6.0NRT,298,6.3,D
17.426,-91.397,325.4,1.2,1.1,2019-10-03,1940,A,78,6.0NRT,295.8,19.2,D
17.425,-91.407,333.4,1.2,1.1,2019-10-03,1940,A,85,6.0NRT,299.1,31.5,D
17.902,-93.186,339.8,1,1,2019-10-03,1940,A,84,6.0NRT,296,35.5,D
18.298,-92.156,315.7,1.1,1,2019-10-03,1940,A,65,6.0NRT,297.1,7.6,D
18.638,-92.173,321,1.1,1,2019-10-03,1940,A,69,6.0NRT,297.9,11.8,D
19.291,-92.165,318.6,1.1,1.1,2019-10-03,1940,A,66,6.0NRT,295.7,13.6,D
19.29,-92.175,325.6,1.1,1.1,2019-10-03,1940,A,68,6.0NRT,295.8,20.5,D
19.302,-92.205,324.6,1.1,1,2019-10-03,1940,A,78,6.0NRT,295.6,20.9,D
19.434,-92.037,321.3,1.1,1.1,2019-10-03,1940,A,70,6.0NRT,295.3,17,D
19.428,-92.079,321.6,1.1,1.1,2019-10-03,1940,A,65,6.0NRT,296.4,17.7,D
19.293,-99.551,316.6,1.7,1.3,2019-10-03,1940,A,46,6.0NRT,301.4,14.8,D
20.517,-97.472,326.6,1.2,1.1,2019-10-03,1940,A,57,6.0NRT,299.6,21.2,D
20.516,-97.483,343.4,1.2,1.1,2019-10-03,1940,A,70,6.0NRT,298.9,54.3,D
20.767,-97.252,333.7,1.2,1.1,2019-10-03,1940,A,86,6.0NRT,298.1,31.2,D
21.283,-98.577,322.9,1.4,1.2,2019-10-03,1940,A,74,6.0NRT,295.7,25.3,D
21.605,-98.798,313.5,1.4,1.2,2019-10-03,1940,A,55,6.0NRT,297.5,7.7,D
26.357,-99.579,322.2,1.3,1.1,2019-10-03,1940,A,72,6.0NRT,300.9,14.7,D
26.355,-99.592,329.1,1.3,1.1,2019-10-03,1940,A,81,6.0NRT,300.7,26.3,D
26.47,-99.94,319.6,1.4,1.2,2019-10-03,1940,A,46,6.0NRT,300.1,13.5,D
26.893,-97.523,312.2,1,1,2019-10-03,1940,A,0,6.0NRT,292.5,7.3,D
28.714,-97.566,339.4,1,1,2019-10-03,1940,A,88,6.0NRT,306.7,33.1,D
28.713,-97.576,328.6,1,1,2019-10-03,1940,A,78,6.0NRT,302.9,16.4,D
29.778,-90.736,323.9,1.8,1.3,2019-10-03,1940,A,68,6.0NRT,300.9,32.9,D
29.864,-91.607,315.7,1.6,1.2,2019-10-03,1940,A,34,6.0NRT,295.5,11.7,D
29.852,-91.721,325.3,1.6,1.2,2019-10-03,1940,A,77,6.0NRT,299.3,31.8,D
29.863,-91.723,332,1.6,1.2,2019-10-03,1940,A,73,6.0NRT,293.8,47.2,D
29.863,-91.728,324.2,1.6,1.2,2019-10-03,1940,A,66,6.0NRT,295,26.8,D
29.65,-94.322,314.9,1.1,1.1,2019-10-03,1940,A,31,6.0NRT,300.4,6.7,D
29.574,-94.917,315.2,1.1,1,2019-10-03,1940,A,60,6.0NRT,302.8,9.8,D
30.043,-92.823,318.4,1.4,1.2,2019-10-03,1940,A,63,6.0NRT,300.4,11.4,D
30.254,-93.288,360.3,1.3,1.1,2019-10-03,1940,A,100,6.0NRT,302.6,111.7,D
30.286,-95.649,315.6,1,1,2019-10-03,1940,A,42,6.0NRT,300.2,6.2,D
30.448,-94.89,318.1,1.1,1,2019-10-03,1940,A,51,6.0NRT,299.7,10.5,D
31.041,-92.234,324.9,1.5,1.2,2019-10-03,1940,A,48,6.0NRT,306,19.1,D
30.634,-96.271,329.5,1,1,2019-10-03,1940,A,79,6.0NRT,305.7,15.8,D
31.393,-89.603,326.1,2.3,1.5,2019-10-03,1940,A,78,6.0NRT,297.4,54.5,D
31.351,-93.284,321.3,1.3,1.1,2019-10-03,1940,A,58,6.0NRT,299.2,16.8,D
31.159,-95.223,324.4,1.1,1,2019-10-03,1940,A,53,6.0NRT,301.8,16.1,D
31.157,-95.234,334.4,1.1,1,2019-10-03,1940,A,85,6.0NRT,304.2,30.2,D
31.166,-95.236,331.9,1.1,1,2019-10-03,1940,A,82,6.0NRT,303.4,25,D
30.744,-101.546,323.1,1.4,1.2,2019-10-03,1940,A,60,6.0NRT,306.7,14.9,D
31.268,-99.444,328.3,1.1,1,2019-10-03,1940,A,68,6.0NRT,311.2,13.7,D
32.642,-94.431,316.5,1.2,1.1,2019-10-03,1940,A,59,6.0NRT,297.7,8.3,D
32.641,-94.444,337.9,1.2,1.1,2019-10-03,1940,A,88,6.0NRT,297.2,42.1,D
32.652,-94.433,347.7,1.2,1.1,2019-10-03,1940,A,94,6.0NRT,299.2,64.4,D
32.65,-94.445,372.1,1.2,1.1,2019-10-03,1940,A,100,6.0NRT,301,150.8,D
32.662,-94.434,327.1,1.2,1.1,2019-10-03,1940,A,79,6.0NRT,298.7,22.9,D
32.66,-94.447,336.8,1.2,1.1,2019-10-03,1940,A,87,6.0NRT,298.2,40.3,D
32.418,-97.604,334.2,1,1,2019-10-03,1940,A,82,6.0NRT,308,20.8,D
31.845,-101.801,332.3,1.4,1.2,2019-10-03,1940,A,72,6.0NRT,298.4,36.4,D
31.851,-101.809,328.6,1.4,1.2,2019-10-03,1940,A,74,6.0NRT,301.2,27.9,D
31.646,-116.408,332,1.7,1.3,2019-10-03,2120,A,76,6.0NRT,313,40.3,D
9.239,-64.3,311.7,4.7,2,2019-10-04,0320,T,83,6.0NRT,281.8,112.3,N
9.238,-64.307,312.7,4.7,2,2019-10-04,0320,T,85,6.0NRT,281.3,121.2,N
10.072,-64.873,303.5,4.4,1.9,2019-10-04,0320,T,55,6.0NRT,286.4,37.5,N
10.074,-64.88,303,4.4,1.9,2019-10-04,0320,T,53,6.0NRT,286.7,38.5,N
31.317,-84.592,306.5,1.4,1.2,2019-10-04,0330,T,67,6.0NRT,294.2,8.7,N
31.923,-81.717,312.3,1,1,2019-10-04,0330,T,84,6.0NRT,294.6,10.3,N
31.921,-81.728,307.7,1,1,2019-10-04,0330,T,71,6.0NRT,294.5,7,N
33.01,-79.888,310.5,1,1,2019-10-04,0330,T,80,6.0NRT,295.7,7.9,N
27.267,-80.823,303.2,1.1,1,2019-10-04,0325,T,54,6.0NRT,292.5,5.9,N
27.265,-80.834,310.3,1.1,1,2019-10-04,0325,T,80,6.0NRT,292.5,10.9,N
19.299,-92.158,313.2,3.7,1.8,2019-10-04,0505,T,81,6.0NRT,288.8,65.7,N
19.296,-92.194,305.1,3.7,1.8,2019-10-04,0505,T,17,6.0NRT,288.6,26,N
19.291,-92.165,313,3.7,1.8,2019-10-04,0505,T,81,6.0NRT,288.7,65.2,N
19.441,-92.041,306.3,3.8,1.8,2019-10-04,0505,T,44,6.0NRT,288,33.5,N
26.885,-101.453,317.3,1.1,1.1,2019-10-04,0505,T,95,6.0NRT,291.5,18,N
26.884,-101.464,305.7,1.1,1.1,2019-10-04,0505,T,51,6.0NRT,289.8,7.1,N
30.903,-102.895,301.1,1.1,1,2019-10-04,0505,T,38,6.0NRT,288.5,5.2,N
18.93,-70.354,312.1,1.4,1.2,2019-10-04,0610,A,84,6.0NRT,285.8,17.7,N
18.928,-70.341,302.1,1.4,1.2,2019-10-04,0610,A,47,6.0NRT,285.9,7.3,N
11.738,-70.189,312.7,1.1,1,2019-10-04,0615,A,84,6.0NRT,295.5,9.9,N
10.082,-64.875,306.6,1.4,1.2,2019-10-04,0615,A,69,6.0NRT,291.3,8.7,N
10.08,-64.863,306,1.4,1.2,2019-10-04,0615,A,66,6.0NRT,290.7,8.3,N
10.064,-64.872,302.7,1.4,1.2,2019-10-04,0615,A,51,6.0NRT,290.3,5.9,N
10.062,-64.86,305.9,1.4,1.2,2019-10-04,0615,A,66,6.0NRT,290.7,9.1,N
9.74,-63.471,303.9,1.8,1.3,2019-10-04,0615,A,57,6.0NRT,287.8,13.9,N
9.68,-63.465,312.1,1.8,1.3,2019-10-04,0615,A,84,6.0NRT,285.7,26.4,N
9.657,-63.524,311.4,1.8,1.3,2019-10-04,0615,A,79,6.0NRT,289.2,23.1,N
9.661,-63.62,310.6,1.7,1.3,2019-10-04,0615,A,81,6.0NRT,286.1,23.2,N
9.651,-63.557,357.9,1.7,1.3,2019-10-04,0615,A,100,6.0NRT,289.2,180.6,N
9.648,-63.542,315.9,1.7,1.3,2019-10-04,0615,A,78,6.0NRT,289.5,29.3,N
9.649,-63.621,301.8,1.7,1.3,2019-10-04,0615,A,38,6.0NRT,282.9,10.6,N
9.639,-63.559,308,1.7,1.3,2019-10-04,0615,A,40,6.0NRT,289,17,N
9.394,-64.541,310.8,1.5,1.2,2019-10-04,0615,A,81,6.0NRT,290.4,16.7,N
9.381,-64.53,304.2,1.5,1.2,2019-10-04,0615,A,59,6.0NRT,289.8,9.8,N
9.376,-64.522,302.3,1.5,1.2,2019-10-04,0615,A,28,6.0NRT,289.5,7.3,N
9.239,-64.291,303.6,1.6,1.2,2019-10-04,0615,A,38,6.0NRT,268.1,15.2,N
9.238,-64.299,300.4,1.6,1.2,2019-10-04,0615,A,26,6.0NRT,267.8,13.2,N
8.69,-63.148,300.6,1.9,1.4,2019-10-04,0615,A,31,6.0NRT,282.3,11.6,N
33.442,-88.566,311.2,1,1,2019-10-04,0745,A,82,6.0NRT,294,9.1,N
30.946,-88.011,309.5,1,1,2019-10-04,0745,A,77,6.0NRT,293.9,8.1,N
20.521,-97.474,325.2,2.1,1.4,2019-10-04,0750,A,100,6.0NRT,288.4,68.3,N
20.519,-97.454,300.2,2.1,1.4,2019-10-04,0750,A,22,6.0NRT,289.2,9.7,N
20.519,-97.48,319.5,2.1,1.4,2019-10-04,0750,A,99,6.0NRT,287.5,50.3,N
20.517,-97.459,311,2.1,1.4,2019-10-04,0750,A,82,6.0NRT,289.1,29.2,N
19.442,-92.037,307.9,1,1,2019-10-04,0750,A,57,6.0NRT,281.8,6.7,N
19.44,-92.028,305,1,1,2019-10-04,0750,A,8,6.0NRT,281,4.9,N
19.429,-92.078,309.4,1,1,2019-10-04,0750,A,66,6.0NRT,285.8,7.1,N
19.295,-92.165,308.4,1,1,2019-10-04,0750,A,36,6.0NRT,290,6.5,N
33.423,-110.859,316.7,1,1,2019-10-04,0925,A,94,6.0NRT,287.8,17.5,N
28.728,-81.998,314.1,3.5,1.8,2019-10-04,1535,T,35,6.0NRT,296.6,33.3,D
10.908,-71.249,323.2,1.6,1.3,2019-10-04,1540,T,44,6.0NRT,300.5,20.5,D
10.056,-72.549,317.9,1.4,1.2,2019-10-04,1540,T,42,6.0NRT,298.6,11.8,D
10.032,-73.234,314.6,1.2,1.1,2019-10-04,1540,T,32,6.0NRT,297.6,8,D
9.001,-71.925,316.4,1.6,1.2,2019-10-04,1540,T,64,6.0NRT,297.5,12.5,D
8.999,-71.918,318.6,1.6,1.2,2019-10-04,1540,T,42,6.0NRT,298,15.3,D
8.614,-71.669,318.1,1.7,1.3,2019-10-04,1540,T,37,6.0NRT,297.5,14.1,D
8.612,-71.654,319,1.7,1.3,2019-10-04,1540,T,38,6.0NRT,297.6,16.1,D
8.225,-70.82,316.6,2,1.4,2019-10-04,1540,T,68,6.0NRT,296.2,21.7,D
8.213,-72.25,315.3,1.5,1.2,2019-10-04,1540,T,28,6.0NRT,294.4,12.2,D
7.811,-71.181,315.8,1.9,1.3,2019-10-04,1540,T,71,6.0NRT,295.4,18.2,D
33.121,-88.392,316.9,2,1.4,2019-10-04,1710,T,65,6.0NRT,298.7,16.3,D
33.115,-88.378,315.7,2,1.4,2019-10-04,1710,T,56,6.0NRT,298.1,14.9,D
32.227,-93.964,312.1,1.1,1,2019-10-04,1710,T,57,6.0NRT,297.3,6.2,D
30.97,-91.849,326,1.4,1.2,2019-10-04,1710,T,73,6.0NRT,303.9,17.6,D
31.009,-92.307,372.5,1.3,1.1,2019-10-04,1710,T,100,6.0NRT,305.4,167.1,D
31.007,-92.293,343.2,1.3,1.1,2019-10-04,1710,T,92,6.0NRT,302.2,57.2,D
31.141,-94.46,311.1,1,1,2019-10-04,1710,T,47,6.0NRT,297.9,6.1,D
30.46,-91.329,318.9,1.5,1.2,2019-10-04,1710,T,31,6.0NRT,305,16.1,D
30.694,-93.593,321,1.1,1.1,2019-10-04,1710,T,73,6.0NRT,298.2,16.1,D
30.692,-93.582,340,1.1,1.1,2019-10-04,1710,T,90,6.0NRT,299.6,46.1,D
30.647,-94.91,316.5,1,1,2019-10-04,1710,T,63,6.0NRT,299.2,8.5,D
30.646,-94.899,318.4,1,1,2019-10-04,1710,T,67,6.0NRT,299.8,10,D
30.536,-94.731,316.6,1,1,2019-10-04,1710,T,64,6.0NRT,297.6,9.5,D
30.534,-94.72,316.4,1,1,2019-10-04,1710,T,64,6.0NRT,297.8,9.3,D
30.095,-92.091,317.8,1.4,1.2,2019-10-04,1710,T,68,6.0NRT,301,10.8,D
30.261,-93.286,317.2,1.2,1.1,2019-10-04,1710,T,31,6.0NRT,300.7,7.6,D
30.473,-95.218,330.8,1,1,2019-10-04,1710,T,82,6.0NRT,298.8,24.2,D
30.471,-95.208,322.3,1,1,2019-10-04,1710,T,73,6.0NRT,298.6,13.9,D
29.851,-91.615,324.9,1.5,1.2,2019-10-04,1710,T,78,6.0NRT,292.3,28.7,D
29.848,-91.6,330.1,1.5,1.2,2019-10-04,1710,T,83,6.0NRT,297.8,40.9,D
30.679,-99.141,338.4,1.2,1.1,2019-10-04,1710,T,88,6.0NRT,305.2,37.1,D
30.678,-99.129,321.5,1.2,1.1,2019-10-04,1710,T,60,6.0NRT,303.7,8.7,D
29.575,-94.914,314.4,1,1,2019-10-04,1710,T,61,6.0NRT,303.8,8.8,D
28.991,-95.314,332,1,1,2019-10-04,1710,T,83,6.0NRT,273,33.3,D
28.716,-97.568,323.5,1,1,2019-10-04,1710,T,51,6.0NRT,301.3,11.4,D
27.44,-98.115,323.8,1,1,2019-10-04,1710,T,76,6.0NRT,295.5,15.2,D
7.441,-58.775,318.7,2,1.4,2019-10-04,1700,A,75,6.0NRT,294.6,31.4,D
8.683,-63.169,315.1,4.1,1.9,2019-10-04,1700,A,47,6.0NRT,294.1,54.8,D
9.639,-63.56,326.9,4.2,1.9,2019-10-04,1700,A,80,6.0NRT,282.9,173.1,D
9.613,-63.711,317.5,4.3,1.9,2019-10-04,1700,A,57,6.0NRT,283.1,101.7,D
9.642,-63.564,330.9,4.2,1.9,2019-10-04,1700,A,83,6.0NRT,281.7,215.4,D
9.615,-63.715,313.7,4.3,1.9,2019-10-04,1700,A,47,6.0NRT,282.9,75.3,D
9.977,-63.19,320.1,3.9,1.8,2019-10-04,1700,A,67,6.0NRT,292,103.4,D
9.967,-63.196,318.7,3.9,1.8,2019-10-04,1700,A,69,6.0NRT,292.5,91.2,D
26.888,-101.45,321.7,1.4,1.2,2019-10-04,1715,T,68,6.0NRT,298.6,16.9,D
26.067,-98.233,317.2,1,1,2019-10-04,1715,T,45,6.0NRT,297,8.2,D
25.317,-99.98,314.5,1.1,1.1,2019-10-04,1715,T,50,6.0NRT,293.9,7.8,D
25.853,-108.14,310.1,4.1,1.9,2019-10-04,1715,T,26,6.0NRT,290.7,35.1,D
20.817,-97.884,320.4,1,1,2019-10-04,1715,T,73,6.0NRT,299.9,9.1,D
20.816,-97.874,317.4,1,1,2019-10-04,1715,T,63,6.0NRT,299.5,6.7,D
20.171,-97.1,326.8,1.1,1,2019-10-04,1715,T,81,6.0NRT,299.5,16.1,D
20.614,-101.24,313.6,1.2,1.1,2019-10-04,1715,T,46,6.0NRT,299.6,7.2,D
20.522,-100.919,317.5,1.1,1.1,2019-10-04,1715,T,67,6.0NRT,300.8,10.2,D
19.74,-99.202,317,1,1,2019-10-04,1715,T,34,6.0NRT,297.9,6.3,D
19.487,-98.055,311.5,1,1,2019-10-04,1715,T,27,6.0NRT,297.9,5.1,D
19.631,-99.148,318.9,1,1,2019-10-04,1715,T,43,6.0NRT,298.1,7.5,D
19.218,-97.748,316.9,1,1,2019-10-04,1715,T,47,6.0NRT,301.8,8,D
19.209,-97.75,317.9,1,1,2019-10-04,1715,T,39,6.0NRT,302.4,9.6,D
19.292,-99.544,317.6,1,1,2019-10-04,1715,T,42,6.0NRT,298.7,8.5,D
18.221,-93.894,310.6,1.7,1.3,2019-10-04,1715,T,47,6.0NRT,290.5,14.7,D
18.207,-94.011,311.1,1.7,1.3,2019-10-04,1715,T,62,6.0NRT,294.1,9.8,D
18.206,-94.002,310.9,1.7,1.3,2019-10-04,1715,T,58,6.0NRT,293.6,11.5,D
17.896,-93.177,328.5,2,1.4,2019-10-04,1715,T,83,6.0NRT,291.5,57.9,D
17.893,-93.184,320.1,2,1.4,2019-10-04,1715,T,76,6.0NRT,291.2,33.1,D
18.32,-100.279,312.9,1,1,2019-10-04,1715,T,48,6.0NRT,297.2,5.7,D
11.098,-74.84,312.6,1.4,1.2,2019-10-04,1840,A,35,6.0NRT,298.1,9.4,D
9.867,-84.063,306.3,2,1.4,2019-10-04,1840,A,0,6.0NRT,288.7,11.6,D
10.927,-84.416,305.5,2,1.4,2019-10-04,1840,A,51,6.0NRT,279.1,12.1,D
13.845,-84.995,313.9,2,1.4,2019-10-04,1840,A,67,6.0NRT,294.6,19.9,D
14.029,-86.574,308.2,2.6,1.5,2019-10-04,1840,A,44,6.0NRT,291.4,17.2,D
32.224,-115.232,333,1.5,1.2,2019-10-04,1850,T,78,6.0NRT,315,33.6,D
26.441,-80.74,318.5,1,1,2019-10-04,1845,A,29,6.0NRT,303,7.4,D
26.54,-80.475,322,1.1,1,2019-10-04,1845,A,51,6.0NRT,306.8,14.4,D
26.523,-80.674,316.3,1,1,2019-10-04,1845,A,20,6.0NRT,299.9,7.7,D
26.46,-81.279,348.3,1,1,2019-10-04,1845,A,94,6.0NRT,301.1,51.7,D
26.529,-80.834,319,1,1,2019-10-04,1845,A,44,6.0NRT,300.8,9.3,D
26.571,-80.795,322.1,1,1,2019-10-04,1845,A,71,6.0NRT,303.8,13.3,D
26.707,-80.949,353.3,1,1,2019-10-04,1845,A,96,6.0NRT,305.1,59.5,D
26.705,-80.96,348.7,1,1,2019-10-04,1845,A,94,6.0NRT,303.9,49.9,D
26.716,-80.951,368.4,1,1,2019-10-04,1845,A,100,6.0NRT,305.8,103.5,D
26.715,-80.961,362.4,1,1,2019-10-04,1845,A,100,6.0NRT,306.3,85.1,D
28.057,-82.11,316.1,1,1,2019-10-04,1845,A,38,6.0NRT,301.4,5.5,D
28.39,-82.423,340.2,1,1,2019-10-04,1845,A,89,6.0NRT,304.7,35.4,D
28.389,-82.433,325,1,1,2019-10-04,1845,A,76,6.0NRT,303.4,14.3,D
28.734,-82.005,328.1,1,1,2019-10-04,1845,A,65,6.0NRT,307.1,14.1,D
29.422,-83.002,318.8,1,1,2019-10-04,1845,A,62,6.0NRT,304.3,10.4,D
30.125,-83.05,322.8,1,1,2019-10-04,1845,A,55,6.0NRT,311.2,9.4,D
30.037,-90.802,316.7,2.3,1.5,2019-10-04,1845,A,0,6.0NRT,298.7,24,D
31.36,-84.186,319.3,1,1,2019-10-04,1845,A,48,6.0NRT,300,11,D
31.317,-84.592,332.5,1,1,2019-10-04,1845,A,83,6.0NRT,305.8,23.4,D
31.315,-84.603,321.9,1,1,2019-10-04,1845,A,44,6.0NRT,306.1,11.2,D
32.117,-81.659,337.5,1.1,1,2019-10-04,1845,A,87,6.0NRT,301.3,34.1,D
31.149,-87.993,319.4,1.5,1.2,2019-10-04,1845,A,62,6.0NRT,302.9,15.5,D
32.54,-82.907,325.6,1,1,2019-10-04,1845,A,65,6.0NRT,308.6,11.8,D
31.1,-93.793,310.4,3.5,1.8,2019-10-04,1845,A,52,6.0NRT,294.4,30.2,D
31.103,-93.763,318,3.5,1.8,2019-10-04,1845,A,72,6.0NRT,294.5,69.6,D
24.878,-107.258,318.4,1,1,2019-10-04,2025,A,39,6.0NRT,302.4,8.8,D
25.841,-109.285,321.6,1.2,1.1,2019-10-04,2025,A,66,6.0NRT,299.2,7.8,D
27.205,-109.577,323.8,1.1,1.1,2019-10-04,2025,A,59,6.0NRT,300.7,14.2,D
29.244,-100.123,330.7,2.3,1.5,2019-10-04,2025,A,80,6.0NRT,299.3,65.2,D
30.491,-109.636,319.4,1.1,1,2019-10-04,2025,A,64,6.0NRT,301.3,9.3,D
32.995,-110.768,326.2,1.1,1,2019-10-04,2025,A,40,6.0NRT,311.6,8.4,D
33.004,-110.77,337.3,1.1,1,2019-10-04,2025,A,84,6.0NRT,309.7,25.8,D
33.002,-110.782,329.2,1.1,1,2019-10-04,2025,A,71,6.0NRT,312.3,12.9,D
33.412,-110.87,322.4,1.1,1,2019-10-04,2025,A,65,6.0NRT,309.4,9.3,D
19.331,-102.61,318.6,1.2,1.1,2019-10-04,2020,A,72,6.0NRT,297.7,10.2,D
8.69,-63.15,303.1,1.1,1.1,2019-10-05,0225,T,52,6.0NRT,291.4,4.3,N
8.688,-63.16,307.9,1.1,1.1,2019-10-05,0225,T,73,6.0NRT,291.7,7.9,N
9.231,-64.057,305.3,1.3,1.1,2019-10-05,0225,T,64,6.0NRT,288.8,7.2,N
9.274,-64.041,305.7,1.2,1.1,2019-10-05,0225,T,65,6.0NRT,290.4,7.9,N
9.559,-63.631,307.2,1.2,1.1,2019-10-05,0225,T,71,6.0NRT,288.1,7.8,N
9.563,-63.626,303,1.2,1.1,2019-10-05,0225,T,53,6.0NRT,288.1,5.3,N
9.561,-63.637,302.8,1.2,1.1,2019-10-05,0225,T,51,6.0NRT,287.4,5.1,N
9.643,-63.553,334.2,1.2,1.1,2019-10-05,0225,T,100,6.0NRT,290.1,40.8,N
9.641,-63.564,358.4,1.2,1.1,2019-10-05,0225,T,100,6.0NRT,291.5,100.3,N
9.64,-63.574,313.9,1.2,1.1,2019-10-05,0225,T,88,6.0NRT,289.9,13.6,N
9.622,-63.69,332.9,1.2,1.1,2019-10-05,0225,T,100,6.0NRT,293,39.3,N
9.621,-63.7,324,1.2,1.1,2019-10-05,0225,T,100,6.0NRT,292.1,25.6,N
9.618,-63.722,320.9,1.2,1.1,2019-10-05,0225,T,100,6.0NRT,291.7,21.7,N
9.616,-63.732,315,1.2,1.1,2019-10-05,0225,T,90,6.0NRT,291.1,15.3,N
9.655,-63.534,325.3,1.2,1.1,2019-10-05,0225,T,100,6.0NRT,290.7,27,N
9.654,-63.544,306.9,1.2,1.1,2019-10-05,0225,T,70,6.0NRT,289,7,N
9.651,-63.565,349.7,1.2,1.1,2019-10-05,0225,T,100,6.0NRT,291.7,74.6,N
9.649,-63.576,319,1.2,1.1,2019-10-05,0225,T,98,6.0NRT,290.3,19,N
9.632,-63.691,311.8,1.2,1.1,2019-10-05,0225,T,83,6.0NRT,291.9,11.9,N
9.631,-63.702,306.9,1.2,1.1,2019-10-05,0225,T,70,6.0NRT,291.1,7.5,N
9.674,-63.473,327.2,1.1,1.1,2019-10-05,0225,T,100,6.0NRT,291,29.6,N
9.673,-63.483,304.5,1.2,1.1,2019-10-05,0225,T,60,6.0NRT,290.4,5.5,N
9.653,-63.619,352.9,1.2,1.1,2019-10-05,0225,T,100,6.0NRT,293.3,84.1,N
9.651,-63.63,378.6,1.2,1.1,2019-10-05,0225,T,100,6.0NRT,294.2,184.4,N
9.679,-63.469,323,1.1,1.1,2019-10-05,0225,T,100,6.0NRT,290.8,24.2,N
9.678,-63.48,323.8,1.1,1.1,2019-10-05,0225,T,100,6.0NRT,291,25.1,N
9.657,-63.615,312.7,1.2,1.1,2019-10-05,0225,T,85,6.0NRT,291.3,12.7,N
9.655,-63.626,366.6,1.2,1.1,2019-10-05,0225,T,100,6.0NRT,293.8,130.8,N
9.654,-63.636,329,1.2,1.1,2019-10-05,0225,T,100,6.0NRT,291.8,32.4,N
9.7,-63.526,303.5,1.2,1.1,2019-10-05,0225,T,55,6.0NRT,289.1,5.4,N
9.744,-63.427,304,1.1,1.1,2019-10-05,0225,T,58,6.0NRT,292.1,5,N
9.738,-63.468,318.8,1.1,1.1,2019-10-05,0225,T,98,6.0NRT,292.3,18.4,N
9.736,-63.478,331.6,1.1,1.1,2019-10-05,0225,T,100,6.0NRT,292.3,36.1,N
9.778,-63.266,303.6,1.1,1.1,2019-10-05,0225,T,56,6.0NRT,287.9,5.7,N
9.776,-63.276,301.1,1.1,1.1,2019-10-05,0225,T,38,6.0NRT,286.7,4.1,N
9.975,-63.175,319.6,1.1,1,2019-10-05,0225,T,99,6.0NRT,293.1,18.4,N
9.974,-63.185,335.9,1.1,1,2019-10-05,0225,T,100,6.0NRT,293.5,41.3,N
10.059,-64.863,308.7,1.4,1.2,2019-10-05,0225,T,49,6.0NRT,293.6,9,N
10.057,-64.875,311.9,1.4,1.2,2019-10-05,0225,T,83,6.0NRT,293.3,12.6,N
11.741,-70.182,313.9,3.2,1.7,2019-10-05,0225,T,83,6.0NRT,290.8,54,N
11.736,-70.211,328.3,3.2,1.7,2019-10-05,0225,T,100,6.0NRT,291,132.9,N
11.734,-70.217,323.6,3.2,1.7,2019-10-05,0225,T,100,6.0NRT,291,103.2,N
17.995,-88.256,304.2,1,1,2019-10-05,0410,T,59,6.0NRT,290.4,4.3,N
27.199,-90.031,315.4,1,1,2019-10-05,0410,T,88,6.0NRT,292.4,10.7,N
32.127,-93.392,309.4,1.1,1,2019-10-05,0410,T,77,6.0NRT,291.9,10.2,N
32.125,-93.403,313.2,1.1,1,2019-10-05,0410,T,87,6.0NRT,292,13.5,N
33.004,-110.777,311.8,1.6,1.2,2019-10-05,0550,T,83,6.0NRT,293.9,20.9,N
32.468,-115.313,305.4,1,1,2019-10-05,0550,T,64,6.0NRT,290.5,7.8,N
9.746,-63.468,314.4,3.3,1.7,2019-10-05,0520,A,89,6.0NRT,289.5,70.8,N
9.731,-63.471,301.1,3.3,1.7,2019-10-05,0520,A,38,6.0NRT,289.3,19.4,N
9.737,-63.478,310.7,3.3,1.7,2019-10-05,0520,A,81,6.0NRT,289.3,53.1,N
9.733,-63.448,305.4,3.3,1.7,2019-10-05,0520,A,64,6.0NRT,289.3,33.2,N
9.69,-63.483,305.5,3.3,1.7,2019-10-05,0520,A,60,6.0NRT,289.6,31.3,N
9.686,-63.453,307.2,3.3,1.7,2019-10-05,0520,A,71,6.0NRT,289.5,38.7,N
9.663,-63.517,306.7,3.4,1.7,2019-10-05,0520,A,25,6.0NRT,289.9,33.8,N
9.662,-63.641,313.2,3.4,1.7,2019-10-05,0520,A,87,6.0NRT,289.4,67.1,N
9.658,-63.61,340,3.4,1.7,2019-10-05,0520,A,100,6.0NRT,290.4,253.3,N
9.654,-63.579,315.1,3.4,1.7,2019-10-05,0520,A,90,6.0NRT,289.8,70.3,N
9.651,-63.549,343.7,3.4,1.7,2019-10-05,0520,A,100,6.0NRT,290.7,285.2,N
9.662,-63.614,333.7,3.4,1.7,2019-10-05,0520,A,100,6.0NRT,290.1,194.1,N
9.658,-63.584,306.7,3.4,1.7,2019-10-05,0520,A,46,6.0NRT,289.8,32.2,N
9.654,-63.553,344.6,3.4,1.7,2019-10-05,0520,A,100,6.0NRT,290.5,293,N
9.65,-63.523,314.8,3.4,1.7,2019-10-05,0520,A,90,6.0NRT,290.1,67.2,N
9.646,-63.617,321.5,3.4,1.7,2019-10-05,0520,A,100,6.0NRT,289.4,106.7,N
9.639,-63.556,312.7,3.4,1.7,2019-10-05,0520,A,85,6.0NRT,289.8,60.2,N
8.694,-63.151,300.2,3,1.7,2019-10-05,0520,A,21,6.0NRT,289.5,16.2,N
33.022,-79.886,307.9,1.7,1.3,2019-10-05,0650,A,73,6.0NRT,291.5,16.3,N
33.02,-79.868,302.3,1.7,1.3,2019-10-05,0650,A,48,6.0NRT,291.6,8.8,N
32.135,-93.388,310.3,1.6,1.3,2019-10-05,0830,A,80,6.0NRT,289.5,20.7,N
32.135,-93.394,311.9,1.6,1.3,2019-10-05,0830,A,84,6.0NRT,289.6,23.1,N
33.013,-110.745,300.8,4.4,1.9,2019-10-05,0830,A,34,6.0NRT,290.8,41.8,N
32.193,-102.002,303.7,1.2,1.1,2019-10-05,0830,A,57,6.0NRT,288.6,8.6,N
32.191,-102.008,304.6,1.2,1.1,2019-10-05,0830,A,61,6.0NRT,287.9,9.8,N
26.893,-101.461,305,1,1,2019-10-05,0830,A,55,6.0NRT,293.8,5.2,N
26.891,-101.451,316.7,1,1,2019-10-05,0830,A,94,6.0NRT,294.2,14.3,N
26.89,-101.441,307.2,1,1,2019-10-05,0830,A,71,6.0NRT,293.3,6.3,N
26.886,-101.41,308.7,1,1,2019-10-05,0830,A,75,6.0NRT,293.9,7.7,N
25.722,-100.292,304.2,1,1,2019-10-05,0830,A,59,6.0NRT,293.2,4.4,N
20.525,-97.48,306.2,1.5,1.2,2019-10-05,0830,A,67,6.0NRT,291.1,10.3,N
20.522,-97.466,305.6,1.5,1.2,2019-10-05,0830,A,65,6.0NRT,291.6,9.6,N
20.514,-97.482,315.9,1.5,1.2,2019-10-05,0830,A,92,6.0NRT,291.1,22.1,N
20.512,-97.469,318.4,1.5,1.2,2019-10-05,0830,A,97,6.0NRT,291.5,26,N
11.813,-64.591,311,1.2,1.1,2019-10-05,1440,T,45,6.0NRT,297.5,7.7,D
11.811,-64.58,312.1,1.2,1.1,2019-10-05,1440,T,52,6.0NRT,297.9,9.2,D
10.305,-61.437,317.5,1,1,2019-10-05,1445,T,51,6.0NRT,298.6,9.8,D
11.296,-69.013,319.9,2.4,1.5,2019-10-05,1445,T,63,6.0NRT,295.7,34.5,D
10.366,-64.458,313.9,1.1,1.1,2019-10-05,1445,T,60,6.0NRT,299.1,9.4,D
10.321,-64.45,310.2,1.1,1.1,2019-10-05,1445,T,34,6.0NRT,297.6,6.7,D
10.161,-64.966,311.1,1.2,1.1,2019-10-05,1445,T,46,6.0NRT,298.3,7.8,D
10.145,-64.924,312,1.2,1.1,2019-10-05,1445,T,52,6.0NRT,298.6,8.4,D
9.059,-62.044,320.6,1,1,2019-10-05,1445,T,29,6.0NRT,299.3,11.6,D
8.93,-62.735,324.5,1,1,2019-10-05,1445,T,67,6.0NRT,303.4,11.7,D
8.651,-62.776,324,1,1,2019-10-05,1445,T,62,6.0NRT,301.9,11.2,D
8.688,-63.157,324.1,1,1,2019-10-05,1445,T,64,6.0NRT,296.8,12.3,D
8.471,-66.389,319.2,1.4,1.2,2019-10-05,1445,T,69,6.0NRT,294.7,11.2,D
7.507,-65.359,320.6,1.2,1.1,2019-10-05,1445,T,54,6.0NRT,297.3,10.2,D
32.122,-81.659,317.2,1,1,2019-10-05,1615,T,69,6.0NRT,298.2,9.6,D
31.361,-84.187,320.7,1.1,1,2019-10-05,1615,T,61,6.0NRT,302.3,12.1,D
31.152,-87.991,314.5,1.7,1.3,2019-10-05,1615,T,54,6.0NRT,298.2,15.2,D
30.935,-86.707,317.7,1.4,1.2,2019-10-05,1615,T,66,6.0NRT,299.5,14.6,D
30.937,-88.013,311,1.7,1.3,2019-10-05,1615,T,50,6.0NRT,296.5,10.7,D
30.956,-93.011,315,3.8,1.8,2019-10-05,1615,T,67,6.0NRT,291.7,63.9,D
30.953,-92.971,323.3,3.8,1.8,2019-10-05,1615,T,78,6.0NRT,292,116.7,D
30.949,-93.019,308.2,3.8,1.8,2019-10-05,1615,T,40,6.0NRT,291.5,28.9,D
30.947,-92.979,328.5,3.8,1.8,2019-10-05,1615,T,83,6.0NRT,291.8,158.3,D
27.413,-82.084,318.2,1,1,2019-10-05,1615,T,54,6.0NRT,302.6,9.3,D
27.185,-81.112,312.5,1.1,1,2019-10-05,1615,T,18,6.0NRT,295.4,5.2,D
26.843,-81.507,314,1.1,1,2019-10-05,1615,T,30,6.0NRT,295.1,6.6,D
26.529,-80.822,308.9,1.1,1.1,2019-10-05,1615,T,0,6.0NRT,290.9,7.2,D
19.149,-88.439,313.3,1.3,1.1,2019-10-05,1620,T,47,6.0NRT,289.3,9.4,D
13.638,-88.779,315.8,1.2,1.1,2019-10-05,1620,T,50,6.0NRT,298.2,8,D
13.298,-87.192,317.3,1,1,2019-10-05,1620,T,30,6.0NRT,299,6.2,D
12.197,-86.092,317.8,1,1,2019-10-05,1620,T,69,6.0NRT,298.2,8.5,D
11.987,-86.165,318.1,1,1,2019-10-05,1620,T,72,6.0NRT,295.3,9.9,D
11.757,-86.05,316,1,1,2019-10-05,1620,T,68,6.0NRT,297.6,7.8,D
10.658,-85.543,316.5,1.1,1,2019-10-05,1620,T,60,6.0NRT,291.8,8.7,D
32.859,-94.424,321.1,4.2,1.9,2019-10-05,1755,T,72,6.0NRT,292,119.4,D
32.872,-94.426,319.9,4.2,1.9,2019-10-05,1755,T,69,6.0NRT,292.3,109.9,D
32.156,-101.929,324.7,1.4,1.2,2019-10-05,1755,T,69,6.0NRT,305,12.8,D
31.27,-99.438,323.4,2.1,1.4,2019-10-05,1755,T,53,6.0NRT,298.3,29.8,D
33,-110.773,325.1,1.4,1.2,2019-10-05,1755,T,64,6.0NRT,310.6,15.8,D
28.697,-112.922,312.2,1.7,1.3,2019-10-05,1755,T,53,6.0NRT,302.1,16.1,D
26.359,-99.584,319.7,2.7,1.6,2019-10-05,1755,T,62,6.0NRT,294.3,35.3,D
26.356,-99.591,319.2,2.7,1.6,2019-10-05,1755,T,55,6.0NRT,295.8,33,D
27.075,-110.003,312.1,1.1,1,2019-10-05,1755,T,45,6.0NRT,299.9,7.4,D
26.385,-108.67,320.3,1,1,2019-10-05,1755,T,51,6.0NRT,302.4,7.9,D
25.262,-110.724,311.7,1.1,1.1,2019-10-05,1755,T,50,6.0NRT,300.8,8,D
18.548,-101.303,313.9,3,1.7,2019-10-05,1800,T,48,6.0NRT,293.9,33,D
18.48,-101.348,312.6,3,1.7,2019-10-05,1800,T,38,6.0NRT,293.3,31.3,D
7.374,-61.652,321.6,1.1,1.1,2019-10-05,1745,A,64,6.0NRT,301.3,10.7,D
7.48,-63.322,322.3,1,1,2019-10-05,1745,A,72,6.0NRT,302.8,8.3,D
7.327,-66.2,319.1,1.2,1.1,2019-10-05,1745,A,68,6.0NRT,298.9,10.7,D
7.326,-66.211,318.7,1.2,1.1,2019-10-05,1745,A,67,6.0NRT,298.4,10.3,D
7.5,-65.357,325,1.1,1,2019-10-05,1745,A,51,6.0NRT,303.5,12.6,D
7.498,-65.367,327.6,1.1,1,2019-10-05,1745,A,57,6.0NRT,303.5,16.8,D
7.76,-64.706,326.5,1,1,2019-10-05,1745,A,66,6.0NRT,301.9,11.6,D
8.08,-63.828,326,1,1,2019-10-05,1745,A,69,6.0NRT,301.4,12.8,D
8.078,-63.837,325.2,1,1,2019-10-05,1745,A,54,6.0NRT,301.8,11.4,D
7.976,-65.751,320.2,1.1,1,2019-10-05,1745,A,67,6.0NRT,301.2,6.4,D
7.975,-65.76,324.2,1.1,1,2019-10-05,1745,A,74,6.0NRT,303.5,10.9,D
8.271,-63.84,341.9,1,1,2019-10-05,1745,A,83,6.0NRT,305.4,34.5,D
8.27,-63.849,339,1,1,2019-10-05,1745,A,79,6.0NRT,304.5,29.7,D
8.418,-63.718,323.8,1,1,2019-10-05,1745,A,59,6.0NRT,300.5,7.6,D
8.417,-63.727,337.9,1,1,2019-10-05,1745,A,87,6.0NRT,301.2,26,D
8.415,-63.736,326.3,1,1,2019-10-05,1745,A,70,6.0NRT,300.9,9.9,D
8.552,-64.135,323.7,1,1,2019-10-05,1745,A,61,6.0NRT,304,9.1,D
8.522,-66.098,318.4,1.1,1.1,2019-10-05,1745,A,38,6.0NRT,297.1,10.1,D
8.531,-66.099,318,1.1,1.1,2019-10-05,1745,A,31,6.0NRT,298,9.6,D
9.226,-64.057,326.6,1,1,2019-10-05,1745,A,75,6.0NRT,305.2,11.9,D
9.274,-64.046,320.6,1,1,2019-10-05,1745,A,59,6.0NRT,299.9,8.5,D
9.203,-65.364,315.2,1,1,2019-10-05,1745,A,62,6.0NRT,299.9,8.3,D
9.347,-65.325,319.1,1,1,2019-10-05,1745,A,36,6.0NRT,301.2,9,D
9.618,-63.697,323.5,1,1,2019-10-05,1745,A,39,6.0NRT,296.4,11.7,D
9.456,-64.833,316.1,1,1,2019-10-05,1745,A,57,6.0NRT,299.4,6.8,D
9.65,-63.534,329.3,1,1,2019-10-05,1745,A,81,6.0NRT,300.6,18.7,D
9.648,-63.617,333.8,1,1,2019-10-05,1745,A,82,6.0NRT,300.5,24.8,D
9.646,-63.626,352.7,1,1,2019-10-05,1745,A,84,6.0NRT,298.1,59.7,D
9.697,-63.531,321.3,1,1,2019-10-05,1745,A,67,6.0NRT,299.5,9.8,D
9.733,-63.467,321.1,1,1,2019-10-05,1745,A,35,6.0NRT,300.1,10.7,D
9.731,-63.476,331.3,1,1,2019-10-05,1745,A,78,6.0NRT,298.1,23,D
9.317,-66.449,322.1,1.1,1.1,2019-10-05,1745,A,76,6.0NRT,293.1,16.2,D
9.316,-66.46,328.9,1.1,1.1,2019-10-05,1745,A,82,6.0NRT,296.8,25.4,D
9.852,-63.34,320,1,1,2019-10-05,1745,A,71,6.0NRT,297.7,10.5,D
9.861,-66.383,313,1.1,1.1,2019-10-05,1745,A,61,6.0NRT,297.8,7.4,D
9.944,-67.177,316.5,1.2,1.1,2019-10-05,1745,A,40,6.0NRT,298.2,10.7,D
10.039,-67.494,320.9,1.3,1.1,2019-10-05,1745,A,50,6.0NRT,300,13.3,D
9.915,-68.303,317.6,1.4,1.2,2019-10-05,1745,A,37,6.0NRT,297.6,12,D
10.298,-65.996,316.5,1.1,1,2019-10-05,1745,A,42,6.0NRT,299.1,7.6,D
10.251,-67.176,320.1,1.2,1.1,2019-10-05,1745,A,74,6.0NRT,301.9,16.1,D
10.586,-66.237,311.1,1.1,1,2019-10-05,1745,A,62,6.0NRT,296.2,5.5,D
11.137,-69.322,322.6,1.6,1.2,2019-10-05,1745,A,73,6.0NRT,299.9,21.9,D
11.258,-68.727,322.1,1.5,1.2,2019-10-05,1745,A,73,6.0NRT,299.5,20.4,D
18.441,-68.494,318.8,1.1,1.1,2019-10-05,1745,A,70,6.0NRT,294.2,13.9,D
18.811,-69.786,316.9,1.3,1.1,2019-10-05,1745,A,71,6.0NRT,299.4,10.5,D
18.925,-70.35,324.8,1.4,1.2,2019-10-05,1745,A,80,6.0NRT,299.5,23.7,D
18.923,-70.363,319.3,1.4,1.2,2019-10-05,1745,A,66,6.0NRT,298.5,13.9,D
18.921,-70.356,324,1.4,1.2,2019-10-05,1745,A,76,6.0NRT,299.1,21.5,D
19.551,-70.348,321.9,1.4,1.2,2019-10-05,1750,A,77,6.0NRT,294.7,22.1,D
14.98,-89.641,319.3,1,1,2019-10-05,1925,A,38,6.0NRT,299.5,7.6,D
15.657,-92.141,314.6,1.1,1,2019-10-05,1925,A,44,6.0NRT,298.2,7.6,D
17.358,-89.135,313.1,1.1,1,2019-10-05,1925,A,57,6.0NRT,291.6,6.4,D
17.824,-88.752,319.4,1.1,1.1,2019-10-05,1925,A,61,6.0NRT,300.7,8.7,D
18.248,-91.962,313.5,1,1,2019-10-05,1925,A,59,6.0NRT,296.1,8.3,D
17.777,-95.591,314.1,1.6,1.2,2019-10-05,1925,A,69,6.0NRT,294.3,12.7,D
17.79,-96.258,316.1,1.8,1.3,2019-10-05,1925,A,72,6.0NRT,295.8,20.6,D
18.463,-92.494,354,1.1,1,2019-10-05,1925,A,97,6.0NRT,291.3,71.3,D
18.472,-92.495,316.3,1.1,1,2019-10-05,1925,A,71,6.0NRT,290.2,9.5,D
18.47,-92.505,325.8,1.1,1,2019-10-05,1925,A,81,6.0NRT,294.1,19.5,D
18.362,-95.543,313.8,1.5,1.2,2019-10-05,1925,A,63,6.0NRT,295.2,9.6,D
18.529,-101.308,311.7,4.1,1.9,2019-10-05,1925,A,41,6.0NRT,293.2,38.7,D
18.546,-101.311,311.3,4.1,1.9,2019-10-05,1925,A,46,6.0NRT,293,39.8,D
20.509,-97.472,327.9,1.9,1.4,2019-10-05,1925,A,78,6.0NRT,296.9,49.9,D
20.506,-97.49,326.2,1.9,1.4,2019-10-05,1925,A,70,6.0NRT,295.1,44.8,D
21.29,-98.178,322,2.1,1.4,2019-10-05,1925,A,75,6.0NRT,298.8,29.6,D
21.291,-98.185,320.8,2.1,1.4,2019-10-05,1925,A,75,6.0NRT,298.8,27.3,D
23.541,-98.247,313.4,1.9,1.3,2019-10-05,1930,A,60,6.0NRT,296.2,14.9,D
25.288,-99.661,317.7,2.2,1.4,2019-10-05,1930,A,63,6.0NRT,298.3,23.4,D
25.284,-99.682,321.9,2.2,1.4,2019-10-05,1930,A,72,6.0NRT,299,37,D
28.98,-95.315,339.7,1.1,1,2019-10-05,1930,A,89,6.0NRT,299.5,39,D
28.99,-95.317,325.1,1.1,1,2019-10-05,1930,A,75,6.0NRT,298.3,17,D
29.879,-91.039,320.3,1.2,1.1,2019-10-05,1930,A,53,6.0NRT,299.8,13,D
29.877,-91.051,343.2,1.2,1.1,2019-10-05,1930,A,91,6.0NRT,301.3,51.9,D
29.866,-91.602,331.8,1.1,1,2019-10-05,1930,A,84,6.0NRT,297.8,27.7,D
29.865,-91.614,315.3,1.1,1,2019-10-05,1930,A,27,6.0NRT,296.7,7.2,D
29.705,-93.933,317.5,1,1,2019-10-05,1930,A,66,6.0NRT,299.8,7.8,D
30.026,-91.79,326.2,1.1,1,2019-10-05,1930,A,78,6.0NRT,302.4,15.2,D
30.163,-91.044,321.2,1.2,1.1,2019-10-05,1930,A,71,6.0NRT,298.9,13.1,D
30.154,-91.2,320.6,1.1,1.1,2019-10-05,1930,A,61,6.0NRT,296.7,14,D
29.784,-94.893,318.7,1,1,2019-10-05,1930,A,42,6.0NRT,302.2,7.9,D
30.388,-91.263,361.7,1.1,1.1,2019-10-05,1930,A,100,6.0NRT,303.3,96.1,D
30.386,-91.274,356.7,1.1,1.1,2019-10-05,1930,A,98,6.0NRT,301.8,81,D
30.389,-91.281,325.7,1.1,1.1,2019-10-05,1930,A,57,6.0NRT,300.8,18.1,D
30.164,-95.013,314.5,1,1,2019-10-05,1930,A,49,6.0NRT,300.2,5.5,D
31.002,-89.955,326.1,1.4,1.2,2019-10-05,1930,A,65,6.0NRT,296.7,24.7,D
30.999,-89.962,325.8,1.4,1.2,2019-10-05,1930,A,72,6.0NRT,297.4,24.6,D
29.858,-98.083,324.9,1.4,1.2,2019-10-05,1930,A,73,6.0NRT,303.9,18.7,D
30.943,-92.989,328.8,1,1,2019-10-05,1930,A,81,6.0NRT,300.8,20.3,D
30.952,-92.991,315.1,1,1,2019-10-05,1930,A,55,6.0NRT,299.4,6.1,D
31.293,-92.137,318,1.1,1,2019-10-05,1930,A,58,6.0NRT,301.6,8.1,D
31.131,-93.762,339.1,1,1,2019-10-05,1930,A,89,6.0NRT,298.7,35.8,D
31.13,-93.773,354.5,1,1,2019-10-05,1930,A,97,6.0NRT,299.4,66.4,D
31.14,-93.764,327.7,1,1,2019-10-05,1930,A,80,6.0NRT,298.3,20.1,D
31.139,-93.774,316,1,1,2019-10-05,1930,A,64,6.0NRT,298.9,8.2,D
31.351,-93.237,312.3,1,1,2019-10-05,1930,A,28,6.0NRT,293.9,4.9,D
30.569,-99.402,341.1,1.6,1.3,2019-10-05,1930,A,88,6.0NRT,306.7,67.2,D
30.566,-99.419,326.8,1.6,1.3,2019-10-05,1930,A,72,6.0NRT,304.5,26,D
31.259,-99.432,337.2,1.6,1.2,2019-10-05,1930,A,85,6.0NRT,306.3,51.9,D
31.256,-99.448,325.6,1.6,1.2,2019-10-05,1930,A,63,6.0NRT,304.5,21.9,D
31.26,-99.439,346.4,1.6,1.2,2019-10-05,1930,A,92,6.0NRT,307,82.5,D
31.271,-99.442,346.4,1.6,1.2,2019-10-05,1930,A,92,6.0NRT,308.2,80.4,D
32.218,-94.602,319.5,1,1,2019-10-05,1930,A,0,6.0NRT,303.4,9.3,D
32.216,-94.613,327.9,1,1,2019-10-05,1930,A,75,6.0NRT,303.4,18.5,D
33.439,-86.454,316.5,2.4,1.5,2019-10-05,1930,A,65,6.0NRT,297,24.6,D
33.432,-86.458,318.8,2.4,1.5,2019-10-05,1930,A,69,6.0NRT,297.4,33.7,D
32.605,-94.349,312.5,1,1,2019-10-05,1930,A,42,6.0NRT,298.5,4.7,D
32.861,-94.431,353.8,1,1,2019-10-05,1930,A,97,6.0NRT,299.7,64.9,D
32.87,-94.433,343,1,1,2019-10-05,1930,A,91,6.0NRT,299.9,42.4,D
33.398,-93.747,321.4,1,1,2019-10-05,1930,A,49,6.0NRT,301.8,7.8,D
33.396,-93.758,329,1,1,2019-10-05,1930,A,81,6.0NRT,302.3,15.8,D
33.404,-93.771,335.6,1,1,2019-10-05,1930,A,86,6.0NRT,300.7,24.7,D
33.402,-93.782,354,1,1,2019-10-05,1930,A,97,6.0NRT,304.8,61,D
33.413,-93.772,326.9,1,1,2019-10-05,1930,A,57,6.0NRT,301.5,13.5,D
33.411,-93.783,333.9,1,1,2019-10-05,1930,A,85,6.0NRT,302.9,24,D
7.889,-72.57,301.3,1,1,2019-10-06,0310,T,40,6.0NRT,286.8,3.5,N
9.384,-64.54,309.5,2.6,1.6,2019-10-06,0310,T,77,6.0NRT,287.4,34.2,N
9.389,-64.547,310.6,2.6,1.6,2019-10-06,0310,T,80,6.0NRT,287,37.2,N
9.643,-63.561,331.2,3.1,1.7,2019-10-06,0310,T,100,6.0NRT,289,154.8,N
9.629,-63.675,306.3,3.1,1.7,2019-10-06,0310,T,67,6.0NRT,286.3,30.7,N
9.626,-63.703,322.3,3.1,1.7,2019-10-06,0310,T,100,6.0NRT,286.1,99.5,N
9.622,-63.73,306.6,3,1.7,2019-10-06,0310,T,69,6.0NRT,287.3,32.7,N
9.658,-63.563,317.2,3.1,1.7,2019-10-06,0310,T,95,6.0NRT,289,73.2,N
9.651,-63.62,334.5,3.1,1.7,2019-10-06,0310,T,100,6.0NRT,286.2,175.6,N
9.647,-63.648,313.6,3.1,1.7,2019-10-06,0310,T,87,6.0NRT,285.2,56.1,N
9.683,-63.479,308.8,3.2,1.7,2019-10-06,0310,T,59,6.0NRT,285.1,41.2,N
9.681,-63.484,307.8,3.2,1.7,2019-10-06,0310,T,39,6.0NRT,284.9,36.9,N
9.745,-63.462,301.7,3.2,1.7,2019-10-06,0310,T,32,6.0NRT,288.4,21.3,N
11.737,-70.189,309,1.1,1.1,2019-10-06,0310,T,64,6.0NRT,297,6.3,N
18.929,-70.354,313.5,1.3,1.1,2019-10-06,0310,T,87,6.0NRT,285.1,19.3,N
17.837,-93.115,316.8,1.8,1.3,2019-10-06,0450,T,94,6.0NRT,289.1,31.3,N
17.835,-93.132,303.8,1.8,1.3,2019-10-06,0450,T,57,6.0NRT,288.5,9.6,N
17.849,-93.117,332.4,1.8,1.3,2019-10-06,0450,T,100,6.0NRT,289.1,70.4,N
17.847,-93.133,313.3,1.8,1.3,2019-10-06,0450,T,87,6.0NRT,288.8,23.9,N
17.889,-93.172,307.5,1.8,1.3,2019-10-06,0450,T,72,6.0NRT,288.7,13.6,N
17.887,-93.189,315.1,1.7,1.3,2019-10-06,0450,T,90,6.0NRT,288.5,26.3,N
17.901,-93.174,309.8,1.8,1.3,2019-10-06,0450,T,78,6.0NRT,289.1,16.7,N
17.899,-93.19,323.2,1.7,1.3,2019-10-06,0450,T,100,6.0NRT,289.1,43.1,N
17.897,-93.18,329.1,1.8,1.3,2019-10-06,0450,T,100,6.0NRT,289.3,58.8,N
17.895,-93.196,316.9,1.7,1.3,2019-10-06,0450,T,94,6.0NRT,288.9,29.4,N
17.909,-93.181,302.2,1.8,1.3,2019-10-06,0450,T,48,6.0NRT,288.9,7.5,N
18.068,-93.106,302.9,1.8,1.3,2019-10-06,0450,T,52,6.0NRT,289.3,8.6,N
18.48,-92.48,329.2,2,1.4,2019-10-06,0450,T,100,6.0NRT,286.3,75,N
18.478,-92.499,302.7,2,1.4,2019-10-06,0450,T,51,6.0NRT,286.5,9.8,N
19.294,-92.168,309.7,2.2,1.4,2019-10-06,0450,T,67,6.0NRT,290.7,18.7,N
19.293,-92.175,309.6,2.2,1.4,2019-10-06,0450,T,67,6.0NRT,290.9,20,N
19.439,-92.029,308.7,2.2,1.5,2019-10-06,0450,T,41,6.0NRT,288.3,22.3,N
19.434,-92.071,308.4,2.2,1.4,2019-10-06,0450,T,52,6.0NRT,289.3,18.3,N
19.432,-92.092,308.6,2.2,1.4,2019-10-06,0450,T,62,6.0NRT,290.6,18.5,N
20.513,-97.476,338,1.1,1,2019-10-06,0450,T,100,6.0NRT,286.7,43.4,N
20.512,-97.486,318.2,1.1,1,2019-10-06,0450,T,96,6.0NRT,285.6,16.9,N
22.269,-97.806,309.2,1.1,1,2019-10-06,0450,T,77,6.0NRT,295.8,6.7,N
25.718,-100.297,309.7,1,1,2019-10-06,0455,T,78,6.0NRT,296.4,6.2,N
27.197,-90.02,307,3.9,1.8,2019-10-06,0455,T,39,6.0NRT,289.5,49.6,N
27.203,-90.027,306.2,3.9,1.8,2019-10-06,0455,T,11,6.0NRT,288.6,43.4,N
26.883,-101.409,309.2,1,1,2019-10-06,0455,T,76,6.0NRT,295.7,6.5,N
26.882,-101.419,312.7,1,1,2019-10-06,0455,T,85,6.0NRT,296,8.8,N
26.886,-101.451,319.9,1,1,2019-10-06,0455,T,99,6.0NRT,296.4,14.9,N
26.885,-101.461,310.9,1,1,2019-10-06,0455,T,81,6.0NRT,296.1,7.4,N
28.983,-95.313,319.8,1.8,1.3,2019-10-06,0455,T,99,6.0NRT,295.1,35.8,N
28.995,-95.315,315.1,1.8,1.3,2019-10-06,0455,T,90,6.0NRT,294.3,26.4,N
31.941,-103.552,306.4,1.1,1,2019-10-06,0455,T,68,6.0NRT,292.4,8.4,N
32.999,-110.774,318.2,2.5,1.5,2019-10-06,0455,T,96,6.0NRT,292.7,62,N
33.006,-110.782,311.7,2.5,1.5,2019-10-06,0455,T,83,6.0NRT,292.5,40.5,N
18.932,-70.345,303.4,2.3,1.5,2019-10-06,0600,A,55,6.0NRT,283.1,20.4,N
11.744,-70.206,326.7,1.7,1.3,2019-10-06,0600,A,100,6.0NRT,295.4,48.1,N
11.742,-70.19,342.7,1.7,1.3,2019-10-06,0600,A,100,6.0NRT,295.8,100.4,N
11.744,-70.181,313.7,1.7,1.3,2019-10-06,0600,A,83,6.0NRT,294.8,20.9,N
9.976,-63.18,322.5,1.1,1.1,2019-10-06,0600,A,100,6.0NRT,286.2,25,N
9.974,-63.17,300.9,1.2,1.1,2019-10-06,0600,A,34,6.0NRT,285.1,4.8,N
10.065,-64.868,304.7,1,1,2019-10-06,0600,A,20,6.0NRT,285.3,4.9,N
10.056,-64.869,306.7,1,1,2019-10-06,0600,A,65,6.0NRT,285.4,6.6,N
9.744,-63.475,307.2,1.1,1.1,2019-10-06,0600,A,64,6.0NRT,290.4,7.6,N
9.742,-63.464,313.1,1.1,1.1,2019-10-06,0600,A,86,6.0NRT,290.2,12.6,N
9.734,-63.476,312.3,1.1,1.1,2019-10-06,0600,A,85,6.0NRT,289.6,12,N
9.733,-63.466,308,1.1,1.1,2019-10-06,0600,A,73,6.0NRT,289.4,8.5,N
9.703,-63.522,304.3,1.1,1.1,2019-10-06,0600,A,59,6.0NRT,291.5,6,N
9.682,-63.481,301,1.1,1.1,2019-10-06,0600,A,26,6.0NRT,289.9,3.9,N
9.681,-63.47,332.9,1.1,1.1,2019-10-06,0600,A,100,6.0NRT,290,38.3,N
9.66,-63.525,309.2,1.1,1.1,2019-10-06,0600,A,59,6.0NRT,291.5,8.8,N
9.657,-63.567,330.7,1.1,1.1,2019-10-06,0600,A,100,6.0NRT,291.2,33.9,N
9.655,-63.557,332.5,1.1,1.1,2019-10-06,0600,A,100,6.0NRT,292.2,35.8,N
9.652,-63.537,309.4,1.1,1.1,2019-10-06,0600,A,51,6.0NRT,289.9,8.6,N
9.651,-63.527,313,1.1,1.1,2019-10-06,0600,A,86,6.0NRT,291.4,12.1,N
9.657,-63.628,350.6,1.1,1,2019-10-06,0600,A,100,6.0NRT,282,74,N
9.655,-63.618,346.1,1.1,1,2019-10-06,0600,A,100,6.0NRT,278.4,63.7,N
9.647,-63.568,324.6,1.1,1.1,2019-10-06,0600,A,100,6.0NRT,288.7,26.1,N
9.646,-63.558,339.6,1.1,1.1,2019-10-06,0600,A,100,6.0NRT,291.2,49,N
9.647,-63.629,302.2,1.1,1,2019-10-06,0600,A,29,6.0NRT,278.9,6.3,N
9.63,-63.689,323.2,1.1,1,2019-10-06,0600,A,100,6.0NRT,273.7,26.7,N
9.389,-64.542,318.5,1,1,2019-10-06,0600,A,97,6.0NRT,287.7,17.1,N
9.378,-64.525,301.4,1,1,2019-10-06,0600,A,41,6.0NRT,285.9,4.5,N
9.376,-64.516,301.7,1,1,2019-10-06,0600,A,44,6.0NRT,287.3,4.5,N
9.276,-64.037,304,1.1,1,2019-10-06,0600,A,58,6.0NRT,291.7,5.1,N
9.232,-64.054,307.7,1.1,1,2019-10-06,0600,A,72,6.0NRT,291.4,7.2,N
9.226,-64.061,302.4,1.1,1,2019-10-06,0600,A,49,6.0NRT,291.1,4.2,N
9.225,-64.051,302.5,1.1,1,2019-10-06,0600,A,49,6.0NRT,291,4.4,N
8.691,-63.152,310.4,1.2,1.1,2019-10-06,0600,A,80,6.0NRT,292.4,11.8,N
8.563,-64.135,302.5,1.1,1,2019-10-06,0600,A,50,6.0NRT,292,3.9,N
17.903,-93.18,323.3,1.6,1.2,2019-10-06,0740,A,100,6.0NRT,285.9,40.5,N
17.901,-93.186,314.2,1.6,1.2,2019-10-06,0740,A,89,6.0NRT,285.9,24,N
17.9,-93.171,313.9,1.6,1.2,2019-10-06,0740,A,88,6.0NRT,285.8,23.4,N
17.89,-93.188,302,1.6,1.2,2019-10-06,0740,A,45,6.0NRT,285.8,8.9,N
17.848,-93.118,315.7,1.6,1.2,2019-10-06,0740,A,92,6.0NRT,287.4,25.3,N
17.846,-93.104,301.7,1.6,1.2,2019-10-06,0740,A,43,6.0NRT,286.1,6.6,N
27.199,-90.035,307.9,1.3,1.1,2019-10-06,0735,A,50,6.0NRT,291.6,9.1,N
27.198,-90.021,319.6,1.3,1.1,2019-10-06,0735,A,99,6.0NRT,294.6,23,N
20.521,-97.475,307.5,3.6,1.8,2019-10-06,0735,A,55,6.0NRT,279.9,50.9,N
18.499,-92.468,340.1,1.4,1.2,2019-10-06,0735,A,100,6.0NRT,291.1,71.3,N
18.498,-92.454,342.7,1.4,1.2,2019-10-06,0735,A,100,6.0NRT,291.2,78.6,N
18.489,-92.469,313.7,1.4,1.2,2019-10-06,0735,A,88,6.0NRT,290.7,17.7,N
18.487,-92.456,308.2,1.4,1.2,2019-10-06,0735,A,74,6.0NRT,290.7,10.7,N
18.478,-92.471,318.1,1.4,1.2,2019-10-06,0735,A,96,6.0NRT,290.8,23.6,N
33.42,-110.872,316,1,1,2019-10-06,0910,A,92,6.0NRT,287.6,17.1,N
33.419,-110.861,350.4,1,1,2019-10-06,0910,A,100,6.0NRT,289.4,69.6,N
33.001,-110.768,303.5,1,1,2019-10-06,0910,A,56,6.0NRT,289.9,7.2,N
26.89,-101.414,301.3,3.3,1.7,2019-10-06,0915,A,40,6.0NRT,291.1,20.4,N
18.932,-70.352,327.3,1,1,2019-10-06,1525,T,82,6.0NRT,300.3,18.4,D
18.923,-70.354,322.2,1,1,2019-10-06,1525,T,78,6.0NRT,299,13.3,D
9.681,-63.475,314.1,4,1.9,2019-10-06,1525,T,59,6.0NRT,291.1,68.3,D
10.252,-67.172,312.4,2,1.4,2019-10-06,1525,T,42,6.0NRT,295.1,15.7,D
10.257,-67.8,315.7,1.8,1.3,2019-10-06,1525,T,24,6.0NRT,297.2,13.8,D
10.08,-67.775,313.9,1.8,1.3,2019-10-06,1525,T,67,6.0NRT,295.4,16.4,D
10.257,-69.289,328.1,1.4,1.2,2019-10-06,1525,T,82,6.0NRT,291.8,31.4,D
10.254,-69.277,320.1,1.4,1.2,2019-10-06,1525,T,66,6.0NRT,292.5,16.8,D
10.159,-68.888,315.2,1.5,1.2,2019-10-06,1525,T,55,6.0NRT,296.2,10,D
8.743,-63.118,308.2,4.4,1.9,2019-10-06,1525,T,35,6.0NRT,290.3,47.9,D
9.815,-70.932,319.7,1.1,1.1,2019-10-06,1525,T,48,6.0NRT,300.1,9.9,D
9.37,-69.206,315.7,1.5,1.2,2019-10-06,1525,T,55,6.0NRT,296.6,12.4,D
8.143,-62.926,308.2,4.7,2,2019-10-06,1525,T,29,6.0NRT,289.7,50,D
8.143,-62.932,307.5,4.7,2,2019-10-06,1525,T,27,6.0NRT,289.4,45.2,D
8.749,-69.932,316,1.3,1.1,2019-10-06,1525,T,34,6.0NRT,298.4,9.6,D
8.752,-69.937,316.7,1.3,1.1,2019-10-06,1525,T,20,6.0NRT,299.5,10.3,D
8.767,-70.105,313.3,1.3,1.1,2019-10-06,1525,T,64,6.0NRT,297.1,7.8,D
9.004,-71.913,317.9,1.1,1,2019-10-06,1525,T,36,6.0NRT,295.7,8,D
8.763,-70.412,315.8,1.3,1.1,2019-10-06,1525,T,44,6.0NRT,298.6,10.6,D
8.762,-70.401,314.9,1.3,1.1,2019-10-06,1525,T,40,6.0NRT,298.8,9.1,D
7.928,-65.997,315.5,2.7,1.6,2019-10-06,1525,T,68,6.0NRT,292.9,21.8,D
8.551,-71.236,317.9,1.1,1.1,2019-10-06,1525,T,36,6.0NRT,299,10.5,D
7.884,-67.471,316.3,2.1,1.4,2019-10-06,1525,T,0,6.0NRT,293.6,22.8,D
7.816,-71.183,318.2,1.2,1.1,2019-10-06,1525,T,56,6.0NRT,294.1,10.4,D
7.814,-71.173,319.3,1.2,1.1,2019-10-06,1525,T,49,6.0NRT,297.2,11.8,D
7.491,-71.961,309.5,1.1,1,2019-10-06,1525,T,22,6.0NRT,287.1,4.7,D
7.49,-71.952,310.8,1.1,1,2019-10-06,1525,T,38,6.0NRT,288.8,5.8,D
32.136,-91.727,322.7,1,1,2019-10-06,1700,T,73,6.0NRT,299.4,10.8,D
32.023,-91.129,323.7,1,1,2019-10-06,1700,T,73,6.0NRT,299.9,15.9,D
32.021,-91.118,312.7,1,1,2019-10-06,1700,T,33,6.0NRT,295.8,5.6,D
32.282,-93.871,341.4,1,1,2019-10-06,1700,T,90,6.0NRT,297.8,40.9,D
32.281,-93.86,320,1,1,2019-10-06,1700,T,71,6.0NRT,297.3,11.5,D
31.923,-94.901,313.1,1.1,1,2019-10-06,1700,T,43,6.0NRT,299.2,6.8,D
32.083,-96.998,321.9,1.4,1.2,2019-10-06,1700,T,62,6.0NRT,304.9,9.3,D
32.081,-96.983,322.8,1.4,1.2,2019-10-06,1700,T,68,6.0NRT,305.2,10.6,D
31.597,-94.516,319.1,1.1,1,2019-10-06,1700,T,70,6.0NRT,300.2,10.7,D
31.333,-93.215,317.2,1,1,2019-10-06,1700,T,68,6.0NRT,296.8,9.5,D
31.332,-93.205,312.4,1,1,2019-10-06,1700,T,54,6.0NRT,296.9,5.3,D
31.128,-93.777,344.9,1,1,2019-10-06,1700,T,93,6.0NRT,298,46.8,D
30.93,-93.105,321.4,1,1,2019-10-06,1700,T,75,6.0NRT,294.6,13.6,D
30.621,-91.326,337.1,1.1,1,2019-10-06,1700,T,88,6.0NRT,299.9,34.7,D
30.619,-91.315,316.3,1.1,1,2019-10-06,1700,T,35,6.0NRT,298.3,8.3,D
30.753,-92.717,312.1,1,1,2019-10-06,1700,T,54,6.0NRT,295.7,6.4,D
30.751,-92.707,323.5,1,1,2019-10-06,1700,T,77,6.0NRT,298.2,16.3,D
30.589,-91.827,316.9,1,1,2019-10-06,1700,T,67,6.0NRT,302,9.9,D
30.424,-93.113,312.2,1,1,2019-10-06,1700,T,55,6.0NRT,297.8,5.5,D
30.008,-92.13,321.7,1,1,2019-10-06,1700,T,75,6.0NRT,299.6,12.8,D
29.573,-94.914,314.4,1.1,1,2019-10-06,1700,T,61,6.0NRT,303.1,9,D
27.701,-98.005,319.6,1.4,1.2,2019-10-06,1700,T,42,6.0NRT,301.5,11.9,D
27.695,-98.012,321.8,1.4,1.2,2019-10-06,1700,T,60,6.0NRT,301.5,14.9,D
22.266,-97.808,320.5,1.2,1.1,2019-10-06,1700,T,47,6.0NRT,301.8,8.3,D
21.115,-98.126,321.8,1.2,1.1,2019-10-06,1700,T,65,6.0NRT,301.2,7.5,D
21.027,-98.076,326.3,1.2,1.1,2019-10-06,1700,T,78,6.0NRT,301.2,15,D
21.025,-98.065,320.9,1.2,1.1,2019-10-06,1700,T,36,6.0NRT,301.3,6.7,D
20.859,-97.5,330.9,1.1,1,2019-10-06,1700,T,82,6.0NRT,301,21.9,D
20.816,-97.653,319.3,1.1,1.1,2019-10-06,1700,T,64,6.0NRT,300.5,6.3,D
20.518,-97.48,347.7,1.1,1,2019-10-06,1700,T,94,6.0NRT,299.3,51.9,D
20.516,-97.47,331.6,1.1,1,2019-10-06,1700,T,83,6.0NRT,299.5,21.3,D
19.428,-92.073,314.5,1.3,1.2,2019-10-06,1700,T,53,6.0NRT,289.6,13.5,D
18.123,-94.407,306.5,1.1,1,2019-10-06,1700,T,0,6.0NRT,279.6,6.8,D
18.541,-101.307,317.7,1.7,1.3,2019-10-06,1705,T,42,6.0NRT,296.8,17.7,D
17.751,-96.209,312.3,1,1,2019-10-06,1705,T,36,6.0NRT,295.2,5.2,D
15.14,-92.459,314,1.5,1.2,2019-10-06,1705,T,66,6.0NRT,294.8,10.7,D
13.924,-89.846,307.8,2.5,1.5,2019-10-06,1705,T,46,6.0NRT,289.9,17.8,D
10.048,-64.879,313.7,4.5,1.9,2019-10-06,1830,A,19,6.0NRT,291.3,51.2,D
11.73,-70.191,325.9,1.8,1.3,2019-10-06,1830,A,0,6.0NRT,303.6,21,D
13.738,-85.861,315.5,3.9,1.8,2019-10-06,1830,A,54,6.0NRT,284.4,77.3,D
32.914,-116.571,324.3,1,1,2019-10-06,1835,T,62,6.0NRT,304.9,14.9,D
32.554,-116.453,327.9,1,1,2019-10-06,1835,T,71,6.0NRT,312,12.8,D
32.459,-116.8,326.8,1,1,2019-10-06,1835,T,55,6.0NRT,311.9,11,D
32.45,-116.802,332,1,1,2019-10-06,1835,T,70,6.0NRT,311.6,18.3,D
26.452,-80.517,315.1,1.1,1,2019-10-06,1835,A,60,6.0NRT,297.5,8.1,D
26.471,-80.758,328.2,1.1,1,2019-10-06,1835,A,81,6.0NRT,302.3,19.7,D
26.504,-80.77,328.5,1.1,1,2019-10-06,1835,A,81,6.0NRT,303.7,21,D
26.523,-80.709,316.1,1.1,1,2019-10-06,1835,A,49,6.0NRT,298.3,7.8,D
26.524,-80.829,322,1.1,1,2019-10-06,1835,A,72,6.0NRT,302.1,12.3,D
30.1,-91.096,317.2,3.9,1.8,2019-10-06,1835,A,74,6.0NRT,293.1,68.3,D
32.335,-83.556,319.4,1.2,1.1,2019-10-06,1835,A,71,6.0NRT,297.6,15.2,D
30.761,-92.693,306,4.8,2,2019-10-06,1835,A,47,6.0NRT,288.2,41.8,D
30.76,-92.697,306.7,4.8,2,2019-10-06,1835,A,46,6.0NRT,288.2,43.5,D
31.546,-91.534,312.8,3.9,1.8,2019-10-06,1835,A,27,6.0NRT,295.4,42.8,D
32.067,-91.493,313.6,3.7,1.8,2019-10-06,1835,A,40,6.0NRT,293.1,42.8,D
18.893,-102.112,321.6,1,1,2019-10-06,2010,A,70,6.0NRT,299.9,8.3,D
20.719,-103.487,317.4,1,1,2019-10-06,2010,A,56,6.0NRT,298.7,9.1,D
21.566,-98.853,318.7,1.3,1.1,2019-10-06,2010,A,47,6.0NRT,300.5,11.5,D
26.878,-101.414,331.4,1.1,1.1,2019-10-06,2010,A,76,6.0NRT,311.5,16.3,D
26.883,-101.449,330.1,1.1,1.1,2019-10-06,2010,A,74,6.0NRT,312.4,11.6,D
26.475,-109.197,321.6,1.7,1.3,2019-10-06,2010,A,73,6.0NRT,300.4,16.6,D
33.418,-110.863,321.4,1.6,1.2,2019-10-06,2015,A,62,6.0NRT,310.1,14.2,D
9.274,-64.045,300,2.1,1.4,2019-10-07,0215,T,3,6.0NRT,281.1,12.8,N
9.63,-63.702,309.8,1.9,1.4,2019-10-07,0215,T,78,6.0NRT,271.9,28,N
31.152,-87.99,303.3,1,1,2019-10-07,0400,T,54,6.0NRT,291.8,4.6,N
33.236,-87.508,303.3,1,1,2019-10-07,0400,T,33,6.0NRT,291,5.2,N
26.474,-80.751,302.1,1.8,1.3,2019-10-07,0355,T,47,6.0NRT,282.2,12.9,N
31.884,-112.864,310.1,1,1,2019-10-07,0540,T,79,6.0NRT,292.8,9.6,N
33.42,-110.858,303.5,1.1,1,2019-10-07,0540,T,55,6.0NRT,288.4,8,N
33.419,-110.87,308.7,1.1,1,2019-10-07,0540,T,75,6.0NRT,289,11.6,N
18.936,-70.356,306,1.4,1.2,2019-10-07,0640,A,66,6.0NRT,291.2,9.9,N
18.934,-70.344,309,1.4,1.2,2019-10-07,0640,A,76,6.0NRT,291.4,13.2,N
18.928,-70.35,318.2,1.4,1.2,2019-10-07,0640,A,96,6.0NRT,291.5,24.4,N
11.741,-70.188,311.3,1.9,1.4,2019-10-07,0645,A,81,6.0NRT,295.2,21.4,N
31.361,-93.266,303.4,1.2,1.1,2019-10-07,0815,A,55,6.0NRT,291.6,6.1,N
26.894,-101.446,303.2,1.4,1.2,2019-10-07,0820,A,23,6.0NRT,287.3,8.5,N
20.515,-97.483,312.3,1,1,2019-10-07,0820,A,84,6.0NRT,292.9,10.2,N
20.514,-97.474,334.2,1,1,2019-10-07,0820,A,100,6.0NRT,293.9,34.9,N
17.9,-93.173,319.7,2,1.4,2019-10-07,0820,A,99,6.0NRT,283.1,48.9,N
17.853,-93.125,309.9,2,1.4,2019-10-07,0820,A,69,6.0NRT,282.4,24.8,N
17.85,-93.106,319.7,2,1.4,2019-10-07,0820,A,99,6.0NRT,284.2,47.5,N
17.837,-93.108,307.2,2,1.4,2019-10-07,0820,A,52,6.0NRT,284.4,19.8,N
10.056,-64.876,322.7,1.9,1.3,2019-10-07,1430,T,39,6.0NRT,298,26.1,D
8.241,-65.386,317.3,2,1.4,2019-10-07,1430,T,66,6.0NRT,294.4,21.5,D
28.324,-81.718,306.9,1.1,1,2019-10-07,1605,T,21,6.0NRT,286.1,5.1,D
26.857,-80.547,305.2,1,1,2019-10-07,1605,T,25,6.0NRT,277.6,5.3,D
15.925,-85.092,316.9,1.2,1.1,2019-10-07,1610,T,57,6.0NRT,296.8,6.4,D
15.924,-85.082,321.6,1.2,1.1,2019-10-07,1610,T,74,6.0NRT,298.4,11.6,D
7.051,-62.501,330.2,1.1,1,2019-10-07,1730,A,83,6.0NRT,294.5,26.9,D
7.343,-61.831,317,1,1,2019-10-07,1730,A,44,6.0NRT,300.4,6.3,D
7.557,-62.38,323.9,1.1,1,2019-10-07,1730,A,74,6.0NRT,301.6,12.2,D
8.028,-61.675,320.3,1,1,2019-10-07,1730,A,74,6.0NRT,297.7,13.1,D
7.507,-65.31,320,1.6,1.2,2019-10-07,1730,A,52,6.0NRT,297.9,17.2,D
7.505,-65.324,318.7,1.6,1.2,2019-10-07,1730,A,37,6.0NRT,298.5,14.5,D
7.941,-65.41,318.8,1.6,1.2,2019-10-07,1730,A,47,6.0NRT,298.3,16.1,D
7.938,-65.424,322.4,1.6,1.2,2019-10-07,1730,A,65,6.0NRT,299.1,22.3,D
8.012,-65.165,339,1.5,1.2,2019-10-07,1730,A,88,6.0NRT,300.5,55.7,D
8.01,-65.178,350.5,1.5,1.2,2019-10-07,1730,A,95,6.0NRT,301.7,96.1,D
8.536,-61.667,314.1,1,1,2019-10-07,1730,A,57,6.0NRT,297.9,6.4,D
8.014,-65.17,357.8,1.5,1.2,2019-10-07,1730,A,99,6.0NRT,302,126.8,D
8.011,-65.184,338.6,1.5,1.2,2019-10-07,1730,A,88,6.0NRT,301.3,53.8,D
8.024,-65.172,320.5,1.5,1.2,2019-10-07,1730,A,70,6.0NRT,299.3,12.4,D
8.022,-65.185,323.2,1.5,1.2,2019-10-07,1730,A,74,6.0NRT,300,17.2,D
8.354,-65.711,314.6,1.6,1.3,2019-10-07,1730,A,54,6.0NRT,294.2,12.8,D
8.844,-64.713,313.9,1.4,1.2,2019-10-07,1730,A,51,6.0NRT,296.7,8.9,D
8.91,-67.429,314.7,2.2,1.4,2019-10-07,1730,A,43,6.0NRT,295.4,22.8,D
9.562,-63.638,319.2,1.2,1.1,2019-10-07,1730,A,53,6.0NRT,301,9.5,D
9.637,-63.561,369.7,1.1,1.1,2019-10-07,1730,A,100,6.0NRT,299.6,130.9,D
9.635,-63.572,335.4,1.2,1.1,2019-10-07,1730,A,87,6.0NRT,297.6,35,D
9.651,-63.532,336.2,1.1,1.1,2019-10-07,1730,A,87,6.0NRT,300.8,35.1,D
9.65,-63.542,326.3,1.1,1.1,2019-10-07,1730,A,79,6.0NRT,301,18.8,D
9.645,-63.573,321.4,1.2,1.1,2019-10-07,1730,A,63,6.0NRT,292.8,14,D
9.451,-64.828,315.2,1.4,1.2,2019-10-07,1730,A,65,6.0NRT,297.8,12,D
9.68,-63.473,337.7,1.1,1.1,2019-10-07,1730,A,88,6.0NRT,299.5,37.6,D
9.678,-63.483,326.9,1.1,1.1,2019-10-07,1730,A,80,6.0NRT,298.9,20,D
9.7,-63.529,314.7,1.1,1.1,2019-10-07,1730,A,37,6.0NRT,296.9,5.3,D
9.727,-63.481,325.6,1.1,1.1,2019-10-07,1730,A,70,6.0NRT,298.7,20,D
9.736,-63.482,324.2,1.1,1.1,2019-10-07,1730,A,64,6.0NRT,298.1,17.4,D
9.316,-66.46,314.7,1.8,1.3,2019-10-07,1730,A,61,6.0NRT,296.8,16.3,D
9.03,-69.755,312.4,3.3,1.7,2019-10-07,1730,A,44,6.0NRT,291.3,33.8,D
10.539,-63.27,315.6,1.1,1,2019-10-07,1735,A,64,6.0NRT,297.1,10.2,D
10.552,-63.312,313.9,1.1,1,2019-10-07,1735,A,60,6.0NRT,295.9,7.8,D
10.583,-63.297,313.7,1.1,1,2019-10-07,1735,A,59,6.0NRT,298.4,7.3,D
10.043,-66.826,311.7,1.9,1.3,2019-10-07,1735,A,63,6.0NRT,288.9,16.5,D
10.303,-66.555,310.3,1.8,1.3,2019-10-07,1735,A,59,6.0NRT,294.9,12.1,D
10.227,-67.325,316.9,2,1.4,2019-10-07,1735,A,21,6.0NRT,298.9,22.6,D
10.466,-66.613,318.6,1.8,1.3,2019-10-07,1735,A,21,6.0NRT,299.7,20.8,D
10.513,-66.956,308.9,1.9,1.3,2019-10-07,1735,A,0,6.0NRT,290.3,12.2,D
10.695,-68.318,314.7,2.4,1.5,2019-10-07,1735,A,49,6.0NRT,295.2,19.8,D
11.74,-70.184,320.5,3.2,1.7,2019-10-07,1735,A,55,6.0NRT,296,41.5,D
18.923,-70.366,315,2.3,1.5,2019-10-07,1735,A,61,6.0NRT,294.9,21.9,D
18.397,-73.14,308,3.9,1.8,2019-10-07,1735,A,50,6.0NRT,285.9,41.7,D
18.387,-73.143,307.6,3.9,1.8,2019-10-07,1735,A,44,6.0NRT,285.7,38.1,D
33.397,-105.799,313.9,1.1,1.1,2019-10-07,1740,T,63,6.0NRT,289.9,14.6,D
31.063,-98.675,313.6,1.5,1.2,2019-10-07,1740,T,65,6.0NRT,294.9,16,D
29.176,-95.244,310.7,2.9,1.6,2019-10-07,1740,T,17,6.0NRT,291.3,27.9,D
29.259,-98.125,318,1.8,1.3,2019-10-07,1740,T,59,6.0NRT,298.4,15.3,D
29.256,-98.107,317.3,1.8,1.3,2019-10-07,1740,T,64,6.0NRT,297.6,12.5,D
28.835,-96.8,332,2.3,1.5,2019-10-07,1740,T,84,6.0NRT,295.6,75.7,D
28.722,-97.567,320.7,2,1.4,2019-10-07,1745,T,71,6.0NRT,298.9,27.5,D
26.521,-100.048,317.8,1.5,1.2,2019-10-07,1745,T,35,6.0NRT,299.4,14.1,D
26.52,-100.055,316.4,1.5,1.2,2019-10-07,1745,T,35,6.0NRT,298.5,12.7,D
26.123,-111.261,312.4,1.9,1.4,2019-10-07,1745,T,49,6.0NRT,300.7,18,D
25.363,-108.732,313.6,1.3,1.1,2019-10-07,1745,T,56,6.0NRT,300.9,9.9,D
25.362,-108.719,314.7,1.3,1.1,2019-10-07,1745,T,57,6.0NRT,301.4,11.1,D
25.36,-108.706,314.4,1.3,1.1,2019-10-07,1745,T,55,6.0NRT,301.3,10.7,D
23.778,-105.365,309.5,1,1,2019-10-07,1745,T,44,6.0NRT,294.8,5.5,D
23.777,-105.355,308,1,1,2019-10-07,1745,T,20,6.0NRT,294.8,4.4,D
20.727,-103.489,317,1.2,1.1,2019-10-07,1745,T,62,6.0NRT,298.6,10.6,D
20.287,-102.327,308.2,1.4,1.2,2019-10-07,1745,T,23,6.0NRT,295,4.5,D
19.806,-102.697,310.2,1.4,1.2,2019-10-07,1745,T,65,6.0NRT,297.4,8.7,D
19.646,-102.043,305.6,1.5,1.2,2019-10-07,1745,T,30,6.0NRT,295.3,8,D
19.329,-102.61,313.8,1.4,1.2,2019-10-07,1745,T,58,6.0NRT,296.8,8.7,D
18.648,-101.809,318.9,1.6,1.3,2019-10-07,1745,T,40,6.0NRT,300.9,17.8,D
18.488,-101.354,318.3,1.8,1.3,2019-10-07,1745,T,70,6.0NRT,298.1,20.3,D
9.905,-83.681,317.4,1.1,1.1,2019-10-07,1910,A,61,6.0NRT,297.5,10.1,D
11.979,-86.171,320.2,1,1,2019-10-07,1910,A,76,6.0NRT,300.9,11.2,D
13.459,-89.016,313.7,1.1,1.1,2019-10-07,1910,A,60,6.0NRT,294.6,6.1,D
13.643,-88.791,313,1.1,1,2019-10-07,1910,A,61,6.0NRT,293.1,7.3,D
15.012,-89.583,317.4,1.2,1.1,2019-10-07,1915,A,44,6.0NRT,297.9,9.7,D
15.918,-85.093,315.7,1.1,1.1,2019-10-07,1915,A,45,6.0NRT,281.5,9.4,D
15.924,-85.09,317.9,1.1,1.1,2019-10-07,1915,A,64,6.0NRT,281.9,12.5,D
28.874,-95.427,315.5,1.6,1.2,2019-10-07,1915,A,0,6.0NRT,293.3,19.9,D
29.705,-90.535,331.8,1,1,2019-10-07,1915,A,85,6.0NRT,294.5,26,D
29.703,-90.545,325.9,1,1,2019-10-07,1915,A,81,6.0NRT,296.1,18.6,D
29.821,-90.883,333.7,1,1,2019-10-07,1915,A,86,6.0NRT,299.5,26.7,D
29.819,-90.894,361.1,1,1,2019-10-07,1915,A,100,6.0NRT,297.8,82.5,D
29.87,-91.614,335,1,1,2019-10-07,1915,A,76,6.0NRT,294.7,30.2,D
30.525,-86.779,337.2,1.4,1.2,2019-10-07,1915,A,88,6.0NRT,300.6,44.9,D
30.523,-86.793,355.8,1.3,1.2,2019-10-07,1915,A,98,6.0NRT,299,101.5,D
30.535,-86.78,324.8,1.4,1.2,2019-10-07,1915,A,78,6.0NRT,300.1,21.1,D
30.084,-90.596,313.7,1,1,2019-10-07,1915,A,67,6.0NRT,297.6,7,D
29.826,-94.722,311.6,1.4,1.2,2019-10-07,1915,A,31,6.0NRT,292.8,9,D
29.939,-95.823,313.9,1.6,1.2,2019-10-07,1915,A,58,6.0NRT,296.2,9.7,D
31.144,-87.991,317.7,1.2,1.1,2019-10-07,1915,A,53,6.0NRT,300.4,11.4,D
31.148,-87.986,317,1.2,1.1,2019-10-07,1915,A,47,6.0NRT,300.2,11.6,D
32.629,-96.684,316.3,1.6,1.2,2019-10-07,1920,A,58,6.0NRT,300.9,13.9,D
27.131,-109.736,327.4,1.6,1.2,2019-10-07,2055,A,75,6.0NRT,307.6,16.7,D
27.131,-109.742,326.2,1.6,1.2,2019-10-07,2055,A,66,6.0NRT,307.8,13.6,D
31.716,-116.339,326.5,1,1,2019-10-07,2055,A,54,6.0NRT,312.2,11.4,D
32.261,-114.945,333.2,1,1,2019-10-07,2055,A,73,6.0NRT,319.6,17,D
11.74,-70.191,310,1,1,2019-10-08,0300,T,69,6.0NRT,292.7,7.4,N
11.739,-70.2,358.2,1,1,2019-10-08,0300,T,100,6.0NRT,295,81.3,N
18.926,-70.351,325.7,1,1,2019-10-08,0300,T,100,6.0NRT,294.2,22.8,N
18.925,-70.36,315.2,1,1,2019-10-08,0300,T,91,6.0NRT,293.6,12.4,N
8.558,-64.132,304.7,1.6,1.2,2019-10-08,0255,T,61,6.0NRT,287.3,9.6,N
8.559,-64.139,305.1,1.6,1.2,2019-10-08,0255,T,63,6.0NRT,287.3,10.7,N
9.269,-64.042,301.4,1.6,1.3,2019-10-08,0255,T,41,6.0NRT,287.2,5.7,N
9.235,-64.302,348.8,1.6,1.2,2019-10-08,0255,T,100,6.0NRT,289.8,112.7,N
9.233,-64.316,310,1.6,1.2,2019-10-08,0255,T,79,6.0NRT,289.4,15,N
9.377,-64.531,303.2,1.5,1.2,2019-10-08,0255,T,27,6.0NRT,288.5,8.7,N
9.386,-64.546,312.2,1.5,1.2,2019-10-08,0255,T,84,6.0NRT,289,18.8,N
9.562,-63.629,302,1.8,1.3,2019-10-08,0255,T,46,6.0NRT,290.4,7.8,N
9.643,-63.558,355.4,1.8,1.3,2019-10-08,0255,T,100,6.0NRT,292.4,171.3,N
9.641,-63.574,336,1.8,1.3,2019-10-08,0255,T,100,6.0NRT,290.8,81.8,N
9.626,-63.687,328.8,1.8,1.3,2019-10-08,0255,T,100,6.0NRT,291,58.6,N
9.624,-63.703,323.9,1.8,1.3,2019-10-08,0255,T,100,6.0NRT,289.8,46.1,N
9.64,-63.546,307.3,1.8,1.3,2019-10-08,0255,T,63,6.0NRT,291.2,13.1,N
9.638,-63.563,334.6,1.8,1.3,2019-10-08,0255,T,100,6.0NRT,291.7,78.5,N
9.621,-63.692,322.6,1.8,1.3,2019-10-08,0255,T,100,6.0NRT,290.9,43.5,N
9.654,-63.532,320.5,1.8,1.3,2019-10-08,0255,T,100,6.0NRT,291.8,39.3,N
9.652,-63.548,308.6,1.8,1.3,2019-10-08,0255,T,75,6.0NRT,291.4,15.4,N
9.649,-63.564,356.5,1.8,1.3,2019-10-08,0255,T,100,6.0NRT,292.5,178.6,N
9.647,-63.581,312.2,1.8,1.3,2019-10-08,0255,T,78,6.0NRT,290.6,20.4,N
9.633,-63.694,319,1.8,1.3,2019-10-08,0255,T,98,6.0NRT,289.3,35.7,N
9.674,-63.467,304.1,1.8,1.3,2019-10-08,0255,T,16,6.0NRT,291.2,9.2,N
9.655,-63.615,325.9,1.8,1.3,2019-10-08,0255,T,100,6.0NRT,291.7,52.2,N
9.653,-63.631,347.9,1.8,1.3,2019-10-08,0255,T,100,6.0NRT,291.7,132,N
9.686,-63.469,307.9,1.8,1.3,2019-10-08,0255,T,73,6.0NRT,291.3,15.4,N
9.683,-63.486,306.6,1.8,1.3,2019-10-08,0255,T,69,6.0NRT,291.5,13,N
9.733,-63.475,331,1.8,1.3,2019-10-08,0255,T,100,6.0NRT,292.2,69.9,N
9.741,-63.466,314,1.8,1.3,2019-10-08,0255,T,88,6.0NRT,291.4,25.9,N
9.739,-63.482,320.2,1.8,1.3,2019-10-08,0255,T,100,6.0NRT,291.6,39.6,N
32.15,-101.934,301.8,1.2,1.1,2019-10-08,0445,T,44,6.0NRT,285.9,9.2,N
18.223,-93.896,304.6,1.1,1,2019-10-08,0440,T,61,6.0NRT,288.7,5.2,N
11.744,-70.173,315.6,3,1.6,2019-10-08,0550,A,88,6.0NRT,291.6,58.9,N
11.746,-70.206,321.9,3,1.6,2019-10-08,0550,A,100,6.0NRT,288.9,93.7,N
11.743,-70.179,321.4,3,1.6,2019-10-08,0550,A,100,6.0NRT,291.3,85,N
9.86,-63.335,300.2,1,1,2019-10-08,0550,A,20,6.0NRT,289.9,3.8,N
10.062,-64.866,316.2,1.2,1.1,2019-10-08,0550,A,93,6.0NRT,288,15.9,N
9.778,-63.269,303.1,1,1,2019-10-08,0550,A,53,6.0NRT,291,4.3,N
9.776,-63.26,301.7,1,1,2019-10-08,0550,A,43,6.0NRT,291.2,3.4,N
9.743,-63.478,308.4,1,1,2019-10-08,0550,A,58,6.0NRT,290,7.1,N
9.741,-63.469,328.8,1,1,2019-10-08,0550,A,100,6.0NRT,292,26.8,N
9.732,-63.47,306.3,1,1,2019-10-08,0550,A,55,6.0NRT,291.1,5.8,N
9.731,-63.461,305.1,1,1,2019-10-08,0550,A,33,6.0NRT,291,4.9,N
9.704,-63.531,301,1,1,2019-10-08,0550,A,36,6.0NRT,288.2,3.5,N
9.679,-63.475,309.7,1,1,2019-10-08,0550,A,78,6.0NRT,288.7,8.9,N
9.677,-63.465,302.1,1,1,2019-10-08,0550,A,44,6.0NRT,288.8,4,N
9.66,-63.534,317.9,1,1,2019-10-08,0550,A,96,6.0NRT,289.2,15.6,N
9.658,-63.525,313.1,1,1,2019-10-08,0550,A,86,6.0NRT,289.1,11.4,N
9.662,-63.619,303.9,1,1,2019-10-08,0550,A,42,6.0NRT,286.9,5.7,N
9.654,-63.563,327.8,1,1,2019-10-08,0550,A,100,6.0NRT,288.7,25.6,N
9.653,-63.554,312.7,1,1,2019-10-08,0550,A,86,6.0NRT,288.1,9.8,N
9.655,-63.63,312.7,1,1,2019-10-08,0550,A,68,6.0NRT,284.6,12.3,N
9.653,-63.62,328.1,1,1,2019-10-08,0550,A,100,6.0NRT,285.4,27.9,N
9.647,-63.574,308.2,1,1,2019-10-08,0550,A,71,6.0NRT,286.2,7.4,N
9.645,-63.565,365,1,1,2019-10-08,0550,A,100,6.0NRT,288.9,103.7,N
9.644,-63.555,368.1,1,1,2019-10-08,0550,A,100,6.0NRT,289.9,113,N
9.643,-63.546,312.1,1,1,2019-10-08,0550,A,84,6.0NRT,287.7,9.7,N
9.627,-63.697,301.3,1,1,2019-10-08,0550,A,40,6.0NRT,284.2,3.9,N
9.626,-63.687,306.5,1,1,2019-10-08,0550,A,68,6.0NRT,287.4,7.2,N
9.562,-63.63,305.4,1,1,2019-10-08,0550,A,64,6.0NRT,288.4,6,N
9.388,-64.547,310.6,1.1,1.1,2019-10-08,0550,A,80,6.0NRT,286.7,11.2,N
9.387,-64.537,305.1,1.1,1,2019-10-08,0550,A,63,6.0NRT,286.5,6.6,N
9.38,-64.534,304,1.1,1,2019-10-08,0550,A,58,6.0NRT,286.1,6.2,N
9.379,-64.524,324.6,1.1,1,2019-10-08,0550,A,100,6.0NRT,286.8,25.7,N
9.377,-64.514,312.5,1.1,1,2019-10-08,0550,A,85,6.0NRT,286.8,12.5,N
9.281,-64.041,302.2,1.1,1,2019-10-08,0550,A,48,6.0NRT,283.4,4.8,N
9.227,-64.058,306.8,1.1,1,2019-10-08,0550,A,69,6.0NRT,284.2,7.7,N
9.236,-64.299,367.1,1.1,1,2019-10-08,0550,A,100,6.0NRT,285.8,119.2,N
9.235,-64.29,309.9,1.1,1,2019-10-08,0550,A,79,6.0NRT,285.7,9.5,N
11.737,-70.194,358.1,1,1,2019-10-08,1515,T,75,6.0NRT,305.4,65,D
11.303,-69.004,322.2,1,1,2019-10-08,1515,T,34,6.0NRT,302.1,11.5,D
10.082,-64.867,315.4,1.8,1.3,2019-10-08,1515,T,37,6.0NRT,282.5,15.8,D
10.356,-67.029,308.1,1.2,1.1,2019-10-08,1515,T,46,6.0NRT,282.3,7.6,D
10.351,-66.996,306.6,1.2,1.1,2019-10-08,1515,T,48,6.0NRT,281.8,6.8,D
10.439,-68.898,309.1,1,1,2019-10-08,1515,T,17,6.0NRT,288.2,5.1,D
10.251,-68.02,312.8,1.1,1.1,2019-10-08,1515,T,30,6.0NRT,287.3,8.1,D
10.223,-67.963,312.6,1.1,1.1,2019-10-08,1515,T,36,6.0NRT,288.4,7.1,D
10.215,-68.324,312.7,1.1,1,2019-10-08,1515,T,65,6.0NRT,291.6,7.6,D
10.039,-67.491,310.7,1.2,1.1,2019-10-08,1515,T,19,6.0NRT,284,6.1,D
10.15,-68.394,313.1,1.1,1,2019-10-08,1515,T,65,6.0NRT,291.7,7.3,D
10.175,-69.909,325.8,1,1,2019-10-08,1515,T,78,6.0NRT,301.4,13.2,D
9.196,-69.275,312.8,1,1,2019-10-08,1515,T,0,6.0NRT,290.4,6.9,D
9.187,-69.276,314.5,1,1,2019-10-08,1515,T,62,6.0NRT,290.2,8.3,D
9.311,-70.613,318.3,1,1,2019-10-08,1515,T,28,6.0NRT,296.6,7.9,D
9.31,-70.604,318.1,1,1,2019-10-08,1515,T,30,6.0NRT,296.1,7.3,D
8.767,-70.109,317.7,1,1,2019-10-08,1515,T,73,6.0NRT,297.2,9,D
9.001,-71.911,316.6,1.1,1,2019-10-08,1515,T,42,6.0NRT,293.1,6.2,D
8.347,-70.568,316.8,1,1,2019-10-08,1515,T,39,6.0NRT,292.7,6.9,D
8.221,-72.255,320,1.1,1,2019-10-08,1515,T,49,6.0NRT,300.8,8.7,D
8.031,-72.259,317.1,1.1,1,2019-10-08,1515,T,70,6.0NRT,297.8,9.7,D
19.837,-71.468,316.8,1.3,1.1,2019-10-08,1510,T,27,6.0NRT,299.3,7.8,D
18.518,-71.048,319.3,1.2,1.1,2019-10-08,1510,T,68,6.0NRT,301.5,8.7,D
18.437,-70.889,323.7,1.2,1.1,2019-10-08,1510,T,75,6.0NRT,304.2,9.6,D
33.349,-86.895,316.4,1.1,1,2019-10-08,1645,T,73,6.0NRT,296.6,12,D
33.218,-94.223,309.2,1.5,1.2,2019-10-08,1645,T,62,6.0NRT,294.5,12.3,D
33.225,-94.213,305.2,1.5,1.2,2019-10-08,1645,T,44,6.0NRT,295,7.2,D
33.269,-95.678,314.3,1.9,1.3,2019-10-08,1645,T,69,6.0NRT,296.9,22.4,D
31.4,-83.252,311.2,1.9,1.3,2019-10-08,1645,T,34,6.0NRT,293,11.6,D
31.919,-86.551,311.6,1.2,1.1,2019-10-08,1645,T,58,6.0NRT,295.6,7.4,D
30.975,-84.974,319.5,1.5,1.2,2019-10-08,1645,T,46,6.0NRT,301.5,14.8,D
31.657,-89.174,310,1,1,2019-10-08,1645,T,33,6.0NRT,297,5.3,D
32.231,-93.969,314.7,1.4,1.2,2019-10-08,1645,T,71,6.0NRT,295.4,17.6,D
32.23,-93.955,305.8,1.4,1.2,2019-10-08,1645,T,36,6.0NRT,293.9,6.9,D
32.221,-93.971,309.9,1.4,1.2,2019-10-08,1645,T,51,6.0NRT,294.6,11.1,D
32.074,-93.661,306,1.3,1.1,2019-10-08,1645,T,53,6.0NRT,294.4,7.4,D
31.148,-87.984,313.4,1.1,1,2019-10-08,1645,T,48,6.0NRT,297.6,8.1,D
30.94,-88.018,310.2,1.1,1,2019-10-08,1645,T,50,6.0NRT,297.1,5.9,D
30.938,-88.007,310.6,1.1,1,2019-10-08,1645,T,51,6.0NRT,296.6,6.3,D
31.645,-94.757,320,1.5,1.2,2019-10-08,1645,T,42,6.0NRT,295.6,25.2,D
31.634,-94.758,323.2,1.5,1.2,2019-10-08,1645,T,69,6.0NRT,296.1,31.7,D
31.633,-94.742,314.5,1.5,1.2,2019-10-08,1645,T,34,6.0NRT,295.2,16.4,D
31.642,-94.748,324.8,1.5,1.2,2019-10-08,1645,T,81,6.0NRT,296,35.1,D
31.626,-95.119,318.6,1.6,1.3,2019-10-08,1645,T,74,6.0NRT,295.6,27.1,D
31.624,-95.102,307.2,1.6,1.3,2019-10-08,1645,T,46,6.0NRT,296.7,8.9,D
31.558,-94.582,337.5,1.5,1.2,2019-10-08,1645,T,89,6.0NRT,297,64.6,D
31.556,-94.567,346.7,1.5,1.2,2019-10-08,1645,T,94,6.0NRT,298.1,93.4,D
30.915,-90.658,312,1,1,2019-10-08,1645,T,63,6.0NRT,293.4,7.1,D
30.914,-90.648,307.6,1,1,2019-10-08,1645,T,38,6.0NRT,292.5,3.7,D
30.906,-90.66,345.2,1,1,2019-10-08,1645,T,93,6.0NRT,294.5,49.2,D
30.905,-90.65,332.2,1,1,2019-10-08,1645,T,86,6.0NRT,292.9,27.7,D
30.597,-89.796,311.8,1,1,2019-10-08,1645,T,61,6.0NRT,295.9,7.1,D
30.34,-88.487,312.8,1,1,2019-10-08,1645,T,63,6.0NRT,299.1,7.3,D
30.789,-94.561,349.9,1.5,1.2,2019-10-08,1645,T,95,6.0NRT,298.6,103.3,D
30.787,-94.546,312.7,1.5,1.2,2019-10-08,1645,T,62,6.0NRT,295.2,14.7,D
30.778,-94.563,335.3,1.5,1.2,2019-10-08,1645,T,88,6.0NRT,295.7,58.1,D
30.777,-94.548,317.8,1.5,1.2,2019-10-08,1645,T,72,6.0NRT,295.9,22.2,D
29.982,-90.765,318.5,1,1,2019-10-08,1645,T,66,6.0NRT,299.7,8.5,D
29.98,-90.755,320.1,1,1,2019-10-08,1645,T,64,6.0NRT,300.6,9.8,D
30.456,-95.259,312.4,1.6,1.2,2019-10-08,1645,T,55,6.0NRT,295.3,14.8,D
29.926,-90.962,330,1,1,2019-10-08,1645,T,84,6.0NRT,298.8,24.3,D
30.445,-95.26,320.7,1.6,1.2,2019-10-08,1645,T,75,6.0NRT,295.3,29.6,D
29.911,-91.05,318.8,1,1,2019-10-08,1645,T,72,6.0NRT,298.8,9.3,D
29.776,-90.742,316.4,1,1,2019-10-08,1645,T,42,6.0NRT,300,7,D
29.774,-90.732,316.1,1,1,2019-10-08,1645,T,41,6.0NRT,299.7,7.1,D
29.836,-92.112,313.8,1.1,1,2019-10-08,1645,T,60,6.0NRT,300.1,8.6,D
29.947,-95.833,316.9,1.7,1.3,2019-10-08,1645,T,67,6.0NRT,299.6,17.6,D
29.945,-95.815,316.9,1.7,1.3,2019-10-08,1645,T,67,6.0NRT,299.5,17.5,D
26.82,-81.616,320.4,3.1,1.7,2019-10-08,1645,T,73,6.0NRT,289.6,82.5,D
26.821,-81.621,321.4,3.1,1.7,2019-10-08,1645,T,70,6.0NRT,289.9,88.1,D
26.689,-81.226,328.3,3.3,1.7,2019-10-08,1645,T,81,6.0NRT,291.5,126.6,D
26.678,-81.236,326.5,3.3,1.7,2019-10-08,1645,T,80,6.0NRT,291.1,113.4,D
26.671,-81.204,312,3.4,1.7,2019-10-08,1645,T,51,6.0NRT,290.6,37.5,D
28.884,-95.57,318.2,1.6,1.2,2019-10-08,1645,T,59,6.0NRT,296.5,23.5,D
28.727,-97.573,322.8,2.2,1.4,2019-10-08,1645,T,75,6.0NRT,296.8,38.3,D
28.727,-97.579,317,2.2,1.4,2019-10-08,1645,T,65,6.0NRT,296.7,23.5,D
28.725,-97.557,318.7,2.2,1.4,2019-10-08,1645,T,69,6.0NRT,296.1,29,D
26.692,-98.511,314.3,2.4,1.5,2019-10-08,1650,T,57,6.0NRT,296.3,18.8,D
19.417,-102.065,308.2,3.5,1.8,2019-10-08,1650,T,17,6.0NRT,290,27.8,D
17.846,-93.122,336.5,1,1,2019-10-08,1650,T,70,6.0NRT,290.6,30.4,D
17.838,-93.123,324.8,1,1,2019-10-08,1650,T,58,6.0NRT,290.1,16.9,D
15.364,-92.251,311,1,1,2019-10-08,1650,T,54,6.0NRT,295.7,6.9,D
14.91,-92.055,315,1.1,1,2019-10-08,1650,T,65,6.0NRT,297.8,8.6,D
14.482,-90.62,316.7,1.3,1.1,2019-10-08,1650,T,40,6.0NRT,298.7,12.9,D
14.331,-91.025,314.2,1.2,1.1,2019-10-08,1650,T,68,6.0NRT,294.1,8.8,D
13.639,-88.779,303.8,1.8,1.3,2019-10-08,1650,T,52,6.0NRT,278.2,9.7,D
32.645,-114.886,330.8,1,1,2019-10-08,1825,T,71,6.0NRT,316.5,14.1,D
26.149,-109.089,321.3,2.1,1.4,2019-10-08,1825,T,15,6.0NRT,301.2,17.3,D
26.16,-109.092,324.1,2.1,1.4,2019-10-08,1825,T,63,6.0NRT,301.4,26.1,D
7.334,-71.564,316.5,1,1,2019-10-08,1815,A,58,6.0NRT,297.6,8.5,D
7.759,-73.398,316.9,1.1,1,2019-10-08,1815,A,63,6.0NRT,296.4,8.7,D
8.232,-70.813,316.9,1,1,2019-10-08,1815,A,26,6.0NRT,295.9,7.5,D
8.37,-72.868,309.1,1,1,2019-10-08,1815,A,42,6.0NRT,284.2,7.3,D
8.369,-72.877,308.4,1,1,2019-10-08,1815,A,26,6.0NRT,283,7.1,D
8.512,-72.717,315,1,1,2019-10-08,1815,A,65,6.0NRT,296.5,6.9,D
8.551,-73.334,315.4,1.1,1,2019-10-08,1815,A,66,6.0NRT,295.7,9.4,D
8.55,-73.343,317.4,1.1,1,2019-10-08,1815,A,70,6.0NRT,294.6,11.1,D
9.273,-69.147,322.5,1.2,1.1,2019-10-08,1815,A,78,6.0NRT,283.1,20.7,D
9.271,-69.158,312.1,1.2,1.1,2019-10-08,1815,A,64,6.0NRT,285.1,8.2,D
8.878,-72.924,325.5,1,1,2019-10-08,1815,A,79,6.0NRT,294.6,18.4,D
9.236,-72.993,316.8,1,1,2019-10-08,1815,A,68,6.0NRT,292.1,9.7,D
10.055,-72.559,317.8,1,1,2019-10-08,1815,A,23,6.0NRT,298.4,7,D
10.031,-73.235,313.2,1,1,2019-10-08,1815,A,36,6.0NRT,292.9,5.3,D
10.33,-72.314,314.1,1,1,2019-10-08,1815,A,27,6.0NRT,291.7,6.1,D
18.61,-74.115,313.4,1,1,2019-10-08,1820,A,58,6.0NRT,301.1,4.5,D
27.466,-81.599,318,1.7,1.3,2019-10-08,1820,A,73,6.0NRT,291.4,23,D
31.207,-82.663,309.7,1.6,1.3,2019-10-08,1820,A,39,6.0NRT,289.1,13.9,D
33.353,-85.048,324.7,2.1,1.4,2019-10-08,1820,A,73,6.0NRT,292.5,53.9,D
18.961,-101.806,311.3,1.2,1.1,2019-10-08,1955,A,44,6.0NRT,294.8,6.6,D
18.992,-102.241,321.6,1.3,1.1,2019-10-08,1955,A,76,6.0NRT,299,12.2,D
19.113,-102.818,316.3,1.4,1.2,2019-10-08,1955,A,70,6.0NRT,298.1,9.6,D
20.247,-101.05,313.1,1.1,1,2019-10-08,1955,A,42,6.0NRT,294.8,7.4,D
20.679,-101.584,314,1.1,1.1,2019-10-08,2000,A,34,6.0NRT,295.4,6.9,D
20.782,-101.336,317.4,1.1,1,2019-10-08,2000,A,53,6.0NRT,301.6,8.6,D
20.82,-101.516,315.3,1.1,1.1,2019-10-08,2000,A,58,6.0NRT,298.5,7.9,D
20.819,-101.527,331.6,1.1,1.1,2019-10-08,2000,A,84,6.0NRT,299.5,28.6,D
21.854,-102.055,321.7,1.2,1.1,2019-10-08,2000,A,33,6.0NRT,304.6,12.4,D
21.852,-102.066,321.2,1.2,1.1,2019-10-08,2000,A,39,6.0NRT,306.3,11.9,D
25.716,-100.297,324.7,1,1,2019-10-08,2000,A,69,6.0NRT,306.7,9.2,D
25.72,-103.45,325.3,1.2,1.1,2019-10-08,2000,A,57,6.0NRT,310.7,8.1,D
26.882,-101.412,321.9,1,1,2019-10-08,2000,A,54,6.0NRT,307.4,6.6,D
26.885,-101.453,325.3,1,1,2019-10-08,2000,A,69,6.0NRT,310,8.5,D
27.283,-100.219,333.4,1,1,2019-10-08,2000,A,80,6.0NRT,308.7,17.6,D
28.88,-95.579,330.6,1.7,1.3,2019-10-08,2000,A,80,6.0NRT,295.4,51.8,D
28.876,-95.584,316.6,1.7,1.3,2019-10-08,2000,A,46,6.0NRT,295.2,19.8,D
28.715,-97.57,325.6,1.3,1.1,2019-10-08,2000,A,68,6.0NRT,307.9,15.9,D
29.449,-96.234,319.1,1.6,1.2,2019-10-08,2000,A,44,6.0NRT,303.6,9.6,D
28.974,-100.774,322.8,1,1,2019-10-08,2000,A,63,6.0NRT,307,7,D
30.022,-91.78,316.9,3.3,1.7,2019-10-08,2000,A,70,6.0NRT,296.4,49.3,D
29.935,-95.829,319.3,1.7,1.3,2019-10-08,2000,A,55,6.0NRT,303.1,17.6,D
29.943,-95.835,320.5,1.7,1.3,2019-10-08,2000,A,70,6.0NRT,303.3,19.3,D
29.486,-100.393,323.3,1,1,2019-10-08,2000,A,67,6.0NRT,306.4,9.1,D
29.485,-100.403,330.8,1,1,2019-10-08,2000,A,79,6.0NRT,307.7,18.1,D
30.014,-97.671,322.5,1.3,1.1,2019-10-08,2000,A,67,6.0NRT,309,11.1,D
30.787,-94.552,345.7,2.1,1.4,2019-10-08,2000,A,93,6.0NRT,295.3,151.6,D
30.785,-94.574,360.4,2.1,1.4,2019-10-08,2000,A,100,6.0NRT,298.3,253.1,D
30.786,-94.557,360.5,2.1,1.4,2019-10-08,2000,A,100,6.0NRT,296.1,254.1,D
30.784,-94.579,346.2,2.1,1.4,2019-10-08,2000,A,93,6.0NRT,297.6,153.8,D
31.242,-92.529,319.7,3,1.6,2019-10-08,2000,A,58,6.0NRT,298,61.5,D
31.243,-92.537,322.8,3,1.6,2019-10-08,2000,A,79,6.0NRT,297.6,79,D
31.636,-94.76,309.6,2.1,1.4,2019-10-08,2000,A,44,6.0NRT,298,15.8,D
31.627,-95.13,310.3,2,1.4,2019-10-08,2000,A,43,6.0NRT,298.1,13.7,D
31.358,-101.777,323.6,1,1,2019-10-08,2000,A,62,6.0NRT,308.5,6.4,D
31.499,-102.635,326.2,1,1,2019-10-08,2000,A,67,6.0NRT,309.4,9.7,D
31.498,-102.646,324.7,1,1,2019-10-08,2000,A,63,6.0NRT,308.9,7.8,D
31.734,-101.79,327.3,1,1,2019-10-08,2000,A,72,6.0NRT,308.6,11,D
31.732,-101.801,349.1,1,1,2019-10-08,2000,A,93,6.0NRT,308.3,46.1,D
31.851,-101.798,321.4,1,1,2019-10-08,2000,A,57,6.0NRT,306.1,6,D
31.85,-101.808,328.8,1,1,2019-10-08,2000,A,75,6.0NRT,307.1,14.2,D
32.685,-103.287,327.9,1,1,2019-10-08,2000,A,79,6.0NRT,296.8,19.3,D
32.772,-102.954,323.2,1,1,2019-10-08,2000,A,72,6.0NRT,300.9,12.6,D
31.196,-83.626,302.2,1,1,2019-10-09,0345,T,47,6.0NRT,291.4,4.4,N
33.35,-86.898,300.5,1,1,2019-10-09,0345,T,29,6.0NRT,289.7,4.8,N
28.957,-111.39,307.5,1.1,1.1,2019-10-09,0525,T,72,6.0NRT,293.8,9.2,N
32.998,-110.774,306.9,1,1,2019-10-09,0525,T,55,6.0NRT,292.2,7.3,N
33.006,-110.776,306.2,1,1,2019-10-09,0525,T,51,6.0NRT,293.1,6.5,N
33.418,-110.862,330.2,1,1,2019-10-09,0525,T,100,6.0NRT,290.7,31.1,N
20.514,-97.464,302.5,3.4,1.7,2019-10-09,0520,T,49,6.0NRT,281.2,36.6,N
20.51,-97.497,306,3.4,1.7,2019-10-09,0520,T,66,6.0NRT,282.4,51.8,N
18.932,-70.352,310.9,1,1,2019-10-09,0630,A,81,6.0NRT,286.6,11,N
11.737,-70.189,317,1.2,1.1,2019-10-09,0630,A,92,6.0NRT,273.1,21.6,N
9.621,-63.723,301.6,3.9,1.8,2019-10-09,0630,A,42,6.0NRT,281.2,49.2,N
9.387,-64.53,304,3.4,1.7,2019-10-09,0630,A,58,6.0NRT,286.6,31.8,N
33.236,-87.508,301,1.5,1.2,2019-10-09,0805,A,36,6.0NRT,289.8,9.6,N
14.473,-90.849,301.9,2,1.4,2019-10-09,0810,A,45,6.0NRT,278.9,20,N
